timestamp,machine_id,operating_hours,temperature_celsius,vibration_mm_per_sec,pressure_bar,motor_current_amp,oil_temperature_celsius,rotational_speed_rpm,power_consumption_kw,failure_risk_score,failure_within_30_days
2023-01-01 00:00:00,MACHINE_004,687.6,55.03,3.534,8.87,17.96,62.46,1739.9,24.07,11.83,0
2023-01-01 02:30:00,MACHINE_008,1546.5,51.43,4.58,7.91,16.56,58.73,1552.8,18.11,13.64,0
2023-01-01 05:00:00,MACHINE_018,1152.0,44.79,3.411,7.43,11.85,59.27,1712.0,17.53,0.0,0
2023-01-01 07:30:00,MACHINE_001,1202.7,48.99,3.601,7.31,15.51,55.18,1703.1,19.43,13.9,0
2023-01-01 10:00:00,MACHINE_020,699.0,50.81,2.035,8.93,10.25,59.0,1568.5,13.93,3.08,0
2023-01-01 12:30:00,MACHINE_018,3646.4,72.6,7.551,8.59,25.0,77.2,1685.8,26.63,89.48,1
2023-01-01 15:00:00,MACHINE_009,6570.7,84.63,8.325,9.17,25.0,86.64,1830.6,29.14,100.0,1
2023-01-01 17:30:00,MACHINE_006,5736.0,70.31,8.15,8.9,25.0,76.93,1745.5,26.15,93.47,1
2023-01-01 20:00:00,MACHINE_005,2114.9,65.18,7.245,8.48,25.0,78.79,1691.2,27.64,82.71,1
2023-01-01 22:30:00,MACHINE_004,1195.6,53.23,5.744,6.22,21.07,59.92,1680.5,24.32,31.95,0
2023-01-02 01:00:00,MACHINE_012,5027.9,71.8,8.619,9.85,25.0,82.03,1732.8,28.51,100.0,1
2023-01-02 03:30:00,MACHINE_015,4521.7,66.54,7.967,8.65,25.0,79.0,1726.1,26.91,85.76,1
2023-01-02 06:00:00,MACHINE_013,1091.0,55.47,4.323,8.36,16.97,59.51,1711.1,20.87,8.04,0
2023-01-02 08:30:00,MACHINE_020,7140.9,83.38,11.187,10.4,25.0,91.8,1786.5,25.38,100.0,1
2023-01-02 11:00:00,MACHINE_007,5784.3,78.12,12.252,8.63,25.0,82.76,1641.8,28.33,100.0,1
2023-01-02 13:30:00,MACHINE_008,6298.0,86.96,9.389,10.08,25.0,102.43,2000.0,27.56,100.0,1
2023-01-02 16:00:00,MACHINE_008,6998.6,84.83,10.141,7.68,25.0,89.4,1786.9,26.58,100.0,1
2023-01-02 18:30:00,MACHINE_015,5267.6,68.33,7.632,9.25,23.93,77.4,1901.8,25.53,89.07,1
2023-01-02 21:00:00,MACHINE_012,3164.5,66.05,7.338,7.57,22.88,79.17,1767.1,26.3,77.06,1
2023-01-02 23:30:00,MACHINE_003,5068.5,68.15,8.148,8.83,25.0,80.21,1810.0,26.37,100.0,1
2023-01-03 02:00:00,MACHINE_008,1725.5,48.12,4.678,9.14,15.75,60.51,1810.1,21.85,26.33,0
2023-01-03 04:30:00,MACHINE_018,2147.1,56.46,3.904,7.66,15.4,64.78,1773.4,20.75,11.38,0
2023-01-03 07:00:00,MACHINE_002,2217.9,59.0,6.842,8.21,25.0,66.39,1664.5,25.79,71.7,1
2023-01-03 09:30:00,MACHINE_011,3508.7,63.79,7.272,8.89,24.3,66.88,1612.4,25.75,82.48,1
2023-01-03 12:00:00,MACHINE_019,7072.8,86.18,9.428,9.08,25.0,90.57,1783.0,27.73,100.0,1
2023-01-03 14:30:00,MACHINE_016,3467.2,68.46,7.504,9.47,25.0,78.21,1681.6,27.78,85.53,1
2023-01-03 17:00:00,MACHINE_015,1571.5,59.83,9.369,8.9,25.0,69.24,1829.1,27.52,100.0,1
2023-01-03 19:30:00,MACHINE_018,4542.3,64.61,6.897,8.14,23.9,83.94,1562.1,26.56,66.81,1
2023-01-03 22:00:00,MACHINE_014,7233.7,81.26,11.868,8.9,25.0,87.24,1831.9,27.03,100.0,1
2023-01-04 00:30:00,MACHINE_008,7979.9,89.53,11.064,10.72,25.0,88.57,1819.1,27.05,100.0,1
2023-01-04 03:00:00,MACHINE_016,1181.8,46.8,3.107,8.6,14.95,49.44,1724.5,19.26,0.28,0
2023-01-04 05:30:00,MACHINE_004,1646.3,70.72,6.319,7.64,24.87,83.32,1842.0,26.04,57.04,0
2023-01-04 08:00:00,MACHINE_014,4973.1,84.0,8.466,9.26,25.0,89.07,1765.1,23.69,100.0,1
2023-01-04 10:30:00,MACHINE_020,7970.9,86.98,10.1,10.26,25.0,94.81,1804.3,29.5,100.0,1
2023-01-04 13:00:00,MACHINE_018,6955.8,93.54,11.558,8.3,25.0,97.8,1691.9,27.29,100.0,1
2023-01-04 15:30:00,MACHINE_004,5612.8,77.67,9.934,10.05,25.0,93.74,1591.8,26.53,100.0,1
2023-01-04 18:00:00,MACHINE_009,6264.5,82.5,9.286,8.7,25.0,88.2,1845.1,28.4,100.0,1
2023-01-04 20:30:00,MACHINE_010,3760.7,74.55,7.976,9.37,25.0,81.05,1717.4,28.23,94.77,1
2023-01-04 23:00:00,MACHINE_009,7789.2,87.97,11.711,10.0,25.0,101.04,1765.7,27.32,100.0,1
2023-01-05 01:30:00,MACHINE_017,7344.7,92.74,12.705,10.11,25.0,107.08,1757.2,27.92,100.0,1
2023-01-05 04:00:00,MACHINE_010,6812.5,83.83,11.24,8.24,25.0,89.9,1629.4,28.29,100.0,1
2023-01-05 06:30:00,MACHINE_007,1646.3,61.14,5.674,8.45,19.49,74.08,1687.4,24.22,38.28,0
2023-01-05 09:00:00,MACHINE_018,7651.2,80.48,10.38,9.16,25.0,91.41,1793.6,28.01,100.0,1
2023-01-05 11:30:00,MACHINE_001,4992.1,69.5,8.226,7.47,25.0,76.92,1714.0,27.69,100.0,1
2023-01-05 14:00:00,MACHINE_004,7468.2,93.66,11.707,9.07,25.0,105.93,1738.5,27.83,100.0,1
2023-01-05 16:30:00,MACHINE_010,2295.9,63.67,7.433,8.43,25.0,73.11,1714.4,27.59,78.45,1
2023-01-05 19:00:00,MACHINE_019,7602.1,87.98,10.52,9.0,25.0,97.0,1861.8,30.64,100.0,1
2023-01-05 21:30:00,MACHINE_016,6620.2,89.33,11.141,10.75,25.0,100.34,1741.1,24.91,100.0,1
2023-01-06 00:00:00,MACHINE_018,6243.8,73.65,9.358,8.98,25.0,82.28,1707.8,26.21,100.0,1
2023-01-06 02:30:00,MACHINE_016,7601.4,76.07,12.51,9.69,25.0,76.96,1915.2,28.19,100.0,1
2023-01-06 05:00:00,MACHINE_017,7043.2,70.83,8.722,8.65,25.0,78.34,1821.4,26.58,100.0,1
2023-01-06 07:30:00,MACHINE_007,7466.9,87.46,11.925,9.54,25.0,94.25,1904.5,28.67,100.0,1
2023-01-06 10:00:00,MACHINE_007,5847.1,90.98,10.701,9.98,25.0,104.82,1961.1,28.26,100.0,1
2023-01-06 12:30:00,MACHINE_012,3785.8,72.55,9.075,7.91,25.0,85.44,1568.3,25.17,97.29,1
2023-01-06 15:00:00,MACHINE_004,2359.3,57.37,5.898,9.59,20.85,68.17,1639.9,21.8,46.98,0
2023-01-06 17:30:00,MACHINE_001,4912.3,76.27,8.499,7.1,25.0,79.02,1794.9,28.16,99.63,1
2023-01-06 20:00:00,MACHINE_008,553.9,45.84,1.464,8.12,11.66,55.78,1798.9,17.1,0.0,0
2023-01-06 22:30:00,MACHINE_002,2217.1,57.99,3.759,7.96,14.75,78.18,1748.8,18.97,7.72,0
2023-01-07 01:00:00,MACHINE_011,1031.4,51.72,3.348,8.78,15.97,58.05,1703.9,20.17,0.0,0
2023-01-07 03:30:00,MACHINE_016,2106.8,45.58,5.386,9.48,17.66,54.47,1806.8,25.97,38.03,0
2023-01-07 06:00:00,MACHINE_019,4821.6,71.49,6.876,7.38,25.0,76.25,1591.3,25.93,72.2,1
2023-01-07 08:30:00,MACHINE_016,6556.2,95.84,12.557,9.12,25.0,101.41,1682.3,28.99,100.0,1
2023-01-07 11:00:00,MACHINE_004,5442.4,67.11,7.791,7.88,23.85,78.24,1934.5,25.88,93.7,1
2023-01-07 13:30:00,MACHINE_014,4002.7,62.8,6.065,8.02,20.55,75.24,1663.3,24.06,53.84,0
2023-01-07 16:00:00,MACHINE_004,954.6,50.25,2.333,7.8,13.73,64.65,1644.2,18.64,6.62,0
2023-01-07 18:30:00,MACHINE_004,2364.9,45.64,4.576,7.64,17.28,51.08,1558.3,18.8,20.52,0
2023-01-07 21:00:00,MACHINE_015,1551.4,57.58,3.433,8.91,13.35,64.47,1643.0,17.44,4.89,0
2023-01-07 23:30:00,MACHINE_015,2373.5,52.48,4.119,9.1,15.62,69.72,1655.1,20.63,17.36,0
2023-01-08 02:00:00,MACHINE_015,6560.2,60.93,7.22,8.92,23.59,75.7,1704.0,26.32,84.38,1
2023-01-08 04:30:00,MACHINE_004,879.4,61.68,4.766,8.74,18.47,75.27,1717.6,22.92,18.96,0
2023-01-08 07:00:00,MACHINE_001,7767.5,90.46,14.284,9.72,25.0,107.02,1739.6,25.0,100.0,1
2023-01-08 09:30:00,MACHINE_008,1747.3,40.71,2.62,8.09,14.32,52.61,1725.9,20.37,0.0,0
2023-01-08 12:00:00,MACHINE_007,6984.9,85.9,11.763,7.75,25.0,99.85,1699.5,28.01,100.0,1
2023-01-08 14:30:00,MACHINE_006,3342.3,66.32,6.843,8.2,22.64,83.51,1664.3,25.38,65.55,1
2023-01-08 17:00:00,MACHINE_009,7448.9,90.38,11.974,9.85,25.0,101.12,1685.2,26.64,100.0,1
2023-01-08 19:30:00,MACHINE_010,3672.6,72.89,6.284,9.38,25.0,88.23,1961.4,27.63,59.05,0
2023-01-08 22:00:00,MACHINE_018,5464.0,60.99,9.247,8.99,25.0,71.8,1653.2,29.95,100.0,1
2023-01-09 00:30:00,MACHINE_007,2725.3,62.48,6.638,8.87,23.29,74.82,1810.6,28.78,71.05,1
2023-01-09 03:00:00,MACHINE_019,6018.0,92.23,10.182,8.27,25.0,96.61,1860.7,26.02,100.0,1
2023-01-09 05:30:00,MACHINE_011,928.7,50.8,2.945,7.46,11.41,64.69,1742.5,15.73,0.0,0
2023-01-09 08:00:00,MACHINE_017,7395.4,83.26,12.862,8.68,25.0,91.86,1732.3,24.18,100.0,1
2023-01-09 10:30:00,MACHINE_002,7705.8,85.77,12.141,10.41,25.0,89.68,1683.6,30.26,100.0,1
2023-01-09 13:00:00,MACHINE_006,1013.9,52.69,3.665,8.46,15.39,57.14,1700.6,20.01,1.11,0
2023-01-09 15:30:00,MACHINE_008,3528.3,59.79,6.174,8.23,23.89,66.4,1859.8,28.72,50.61,0
2023-01-09 18:00:00,MACHINE_019,2346.6,56.69,4.518,7.25,16.72,64.61,1906.3,23.19,24.6,0
2023-01-09 20:30:00,MACHINE_020,1114.9,59.17,3.023,8.01,15.98,67.26,1817.4,20.79,3.44,0
2023-01-09 23:00:00,MACHINE_019,4420.9,76.43,8.76,8.47,25.0,86.9,1816.9,28.55,100.0,1
2023-01-10 01:30:00,MACHINE_007,5522.9,78.98,7.703,9.54,25.0,84.8,1881.8,27.31,89.25,1
2023-01-10 04:00:00,MACHINE_009,3468.4,52.38,6.028,7.27,22.92,58.36,1901.1,26.95,56.19,0
2023-01-10 06:30:00,MACHINE_010,3929.2,63.3,7.127,8.48,25.0,77.92,1770.5,27.17,78.41,1
2023-01-10 09:00:00,MACHINE_003,569.9,52.83,1.359,7.23,12.13,65.04,1712.2,17.68,3.45,0
2023-01-10 11:30:00,MACHINE_019,7970.7,84.56,10.433,9.07,25.0,90.49,1597.1,27.97,100.0,1
2023-01-10 14:00:00,MACHINE_007,4294.1,71.94,8.894,10.0,25.0,72.32,1658.1,26.29,100.0,1
2023-01-10 16:30:00,MACHINE_012,7106.5,88.91,10.334,9.14,25.0,99.63,1628.2,25.78,100.0,1
2023-01-10 19:00:00,MACHINE_012,2637.4,52.9,6.061,7.55,24.38,64.24,1755.4,26.03,61.08,1
2023-01-10 21:30:00,MACHINE_018,5776.5,72.74,8.925,10.73,25.0,86.84,1730.4,27.36,100.0,1
2023-01-11 00:00:00,MACHINE_017,558.7,44.92,4.825,8.72,15.97,60.85,1857.7,22.01,8.15,0
2023-01-11 02:30:00,MACHINE_010,7488.2,80.45,10.357,8.77,25.0,86.19,1627.9,27.35,100.0,1
2023-01-11 05:00:00,MACHINE_005,2483.5,64.99,7.142,9.21,25.0,78.58,1604.0,27.29,75.62,1
2023-01-11 07:30:00,MACHINE_018,1665.9,58.28,3.129,7.55,16.91,66.2,1805.1,21.74,8.97,0
2023-01-11 10:00:00,MACHINE_007,5882.1,86.01,9.494,9.02,25.0,90.65,1735.4,27.69,100.0,1
2023-01-11 12:30:00,MACHINE_009,4290.6,80.32,7.437,8.68,25.0,91.35,1779.3,28.88,82.87,1
2023-01-11 15:00:00,MACHINE_002,1192.2,55.75,5.172,8.43,20.66,63.78,1895.5,27.73,30.66,0
2023-01-11 17:30:00,MACHINE_009,830.7,47.87,4.857,9.48,16.52,55.66,1747.3,19.51,13.79,0
2023-01-11 20:00:00,MACHINE_005,5278.4,66.53,6.933,8.54,24.47,78.63,1657.0,27.82,77.71,1
2023-01-11 22:30:00,MACHINE_015,4637.6,71.18,8.681,7.76,25.0,80.57,1790.4,28.05,100.0,1
2023-01-12 01:00:00,MACHINE_001,1339.1,48.92,2.915,7.73,12.74,62.13,1859.6,20.55,1.16,0
2023-01-12 03:30:00,MACHINE_005,4591.9,64.37,7.757,8.08,25.0,78.26,1596.1,28.59,99.11,1
2023-01-12 06:00:00,MACHINE_019,4643.9,66.48,6.962,8.8,24.67,77.59,1962.9,28.11,73.73,1
2023-01-12 08:30:00,MACHINE_002,2811.9,50.43,3.8,8.23,18.25,63.46,1773.1,22.53,20.87,0
2023-01-12 11:00:00,MACHINE_002,7241.9,106.5,12.333,8.94,25.0,113.57,1949.4,29.2,100.0,1
2023-01-12 13:30:00,MACHINE_008,5502.0,81.1,10.722,9.5,25.0,91.97,1893.0,29.87,100.0,1
2023-01-12 16:00:00,MACHINE_018,7131.0,83.28,10.862,9.85,25.0,92.49,1743.7,27.5,100.0,1
2023-01-12 18:30:00,MACHINE_020,6121.1,80.99,9.85,7.75,25.0,96.33,1957.4,28.17,100.0,1
2023-01-12 21:00:00,MACHINE_008,6984.5,86.01,12.741,8.86,25.0,101.5,1781.9,27.12,100.0,1
2023-01-12 23:30:00,MACHINE_006,7110.6,93.6,10.423,9.19,25.0,100.98,1617.5,26.17,100.0,1
2023-01-13 02:00:00,MACHINE_011,6367.9,93.83,11.103,8.64,25.0,97.14,1539.0,26.97,100.0,1
2023-01-13 04:30:00,MACHINE_008,2501.0,51.8,5.451,8.48,18.21,61.37,1842.9,23.65,35.18,0
2023-01-13 07:00:00,MACHINE_004,3369.1,80.45,6.624,7.61,24.45,84.87,1762.6,26.86,75.42,1
2023-01-13 09:30:00,MACHINE_016,2168.3,48.12,5.761,8.15,20.82,63.02,1794.7,25.27,46.8,0
2023-01-13 12:00:00,MACHINE_015,3122.4,69.04,8.252,8.77,25.0,81.69,1905.5,27.47,100.0,1
2023-01-13 14:30:00,MACHINE_008,2171.9,58.32,3.285,8.51,14.63,72.66,1691.0,18.89,0.0,0
2023-01-13 17:00:00,MACHINE_013,2962.0,59.0,2.685,7.16,15.69,75.19,1771.7,19.47,10.03,0
2023-01-13 19:30:00,MACHINE_009,3133.6,63.67,4.763,9.72,20.69,73.07,1783.0,24.68,22.01,0
2023-01-13 22:00:00,MACHINE_018,2983.6,60.84,4.965,7.66,18.95,71.61,1803.2,22.54,34.18,0
2023-01-14 00:30:00,MACHINE_009,1839.3,68.66,6.875,8.66,23.34,85.11,1798.5,27.57,68.49,1
2023-01-14 03:00:00,MACHINE_009,786.9,60.2,3.615,9.5,16.88,77.52,1707.1,23.28,7.1,0
2023-01-14 05:30:00,MACHINE_012,5964.1,73.09,8.356,8.44,25.0,82.31,1697.3,27.21,100.0,1
2023-01-14 08:00:00,MACHINE_020,7881.8,103.14,13.601,9.29,25.0,109.23,1669.6,26.79,100.0,1
2023-01-14 10:30:00,MACHINE_019,1925.6,60.71,5.843,8.07,23.47,62.59,1601.0,25.88,55.59,0
2023-01-14 13:00:00,MACHINE_014,512.7,64.09,3.895,9.38,17.64,77.77,1862.0,23.32,0.0,0
2023-01-14 15:30:00,MACHINE_018,5651.4,89.32,11.931,8.5,25.0,103.95,1782.1,27.0,100.0,1
2023-01-14 18:00:00,MACHINE_007,3231.7,64.0,7.657,8.95,24.65,71.97,1500.0,27.37,75.16,1
2023-01-14 20:30:00,MACHINE_011,5173.7,71.37,6.902,7.62,25.0,81.2,1773.1,27.56,81.44,1
2023-01-14 23:00:00,MACHINE_004,5898.2,78.86,7.903,9.6,25.0,81.44,1735.2,29.23,100.0,1
2023-01-15 01:30:00,MACHINE_010,5501.7,73.21,8.221,8.44,25.0,82.13,1797.7,28.98,100.0,1
2023-01-15 04:00:00,MACHINE_010,4658.1,69.53,7.492,8.57,25.0,78.32,1762.5,28.44,85.94,1
2023-01-15 06:30:00,MACHINE_013,5579.9,77.2,6.675,9.5,25.0,93.55,1500.0,28.76,80.76,1
2023-01-15 09:00:00,MACHINE_020,4768.3,81.59,7.702,9.34,25.0,87.9,1964.3,28.34,97.08,1
2023-01-15 11:30:00,MACHINE_001,2779.1,69.15,7.033,8.74,25.0,83.17,1755.0,27.77,79.09,1
2023-01-15 14:00:00,MACHINE_019,5050.0,83.05,10.7,9.39,25.0,95.22,1659.2,27.41,100.0,1
2023-01-15 16:30:00,MACHINE_015,3816.2,66.75,7.295,8.83,25.0,78.55,1807.9,27.5,85.7,1
2023-01-15 19:00:00,MACHINE_016,6453.0,91.12,9.507,9.51,25.0,103.49,1913.8,28.14,100.0,1
2023-01-15 21:30:00,MACHINE_006,5441.4,74.36,8.729,7.84,25.0,86.44,1658.1,25.85,97.14,1
2023-01-16 00:00:00,MACHINE_020,3013.9,57.71,3.917,9.71,18.34,69.08,2000.0,24.94,14.1,0
2023-01-16 02:30:00,MACHINE_008,5546.0,55.37,9.72,7.24,25.0,66.05,1974.8,30.29,100.0,1
2023-01-16 05:00:00,MACHINE_007,1605.2,60.67,5.873,9.06,21.58,66.56,1761.0,24.09,44.67,0
2023-01-16 07:30:00,MACHINE_016,5084.6,59.72,6.96,7.65,21.55,73.1,1878.1,26.65,64.89,1
2023-01-16 10:00:00,MACHINE_015,3608.3,57.88,7.047,7.62,22.78,71.07,1641.5,25.42,65.41,1
2023-01-16 12:30:00,MACHINE_007,5887.6,73.11,9.272,7.42,25.0,81.41,1789.6,27.97,100.0,1
2023-01-16 15:00:00,MACHINE_013,2329.9,60.53,4.803,8.55,19.82,72.36,1761.1,22.83,25.36,0
2023-01-16 17:30:00,MACHINE_001,7194.9,73.24,11.872,7.7,25.0,84.2,1829.5,27.54,100.0,1
2023-01-16 20:00:00,MACHINE_004,6338.2,74.87,9.691,8.06,25.0,77.93,1778.1,28.4,100.0,1
2023-01-16 22:30:00,MACHINE_017,3984.1,66.61,6.844,8.6,23.73,79.9,1979.1,27.03,65.23,1
2023-01-17 01:00:00,MACHINE_004,3923.5,67.11,10.102,7.94,25.0,84.96,1689.3,27.88,100.0,1
2023-01-17 03:30:00,MACHINE_017,7909.2,85.59,11.18,8.46,25.0,93.52,1632.9,26.96,100.0,1
2023-01-17 06:00:00,MACHINE_015,5094.9,75.96,6.764,9.01,25.0,81.56,1803.6,29.24,72.57,1
2023-01-17 08:30:00,MACHINE_017,3700.6,80.73,8.658,8.27,25.0,95.63,1759.1,28.19,100.0,1
2023-01-17 11:00:00,MACHINE_015,7229.1,86.63,9.373,8.86,25.0,95.73,1886.8,29.49,100.0,1
2023-01-17 13:30:00,MACHINE_016,3875.5,58.42,5.768,9.38,20.84,78.11,1813.0,24.93,48.29,0
2023-01-17 16:00:00,MACHINE_009,6243.6,81.15,9.708,9.41,25.0,88.14,1641.1,24.75,100.0,1
2023-01-17 18:30:00,MACHINE_008,2559.5,51.42,2.02,8.59,15.87,57.73,1841.7,21.21,8.93,0
2023-01-17 21:00:00,MACHINE_010,2258.7,66.83,5.522,8.79,21.82,73.0,1860.9,25.46,39.48,0
2023-01-17 23:30:00,MACHINE_018,1104.3,57.55,3.139,8.42,15.24,67.58,1801.8,20.41,7.88,0
2023-01-18 02:00:00,MACHINE_013,5704.6,88.88,10.937,9.0,25.0,96.51,1735.5,26.7,100.0,1
2023-01-18 04:30:00,MACHINE_003,3611.5,66.69,7.394,8.51,25.0,75.01,1558.7,25.42,81.03,1
2023-01-18 07:00:00,MACHINE_015,3618.3,56.08,6.474,9.59,23.54,62.84,1926.9,27.47,63.35,1
2023-01-18 09:30:00,MACHINE_014,3421.1,60.06,5.638,8.13,20.86,73.38,1749.0,24.91,52.5,0
2023-01-18 12:00:00,MACHINE_001,6925.5,91.59,9.558,7.0,25.0,98.78,1703.6,25.86,100.0,1
2023-01-18 14:30:00,MACHINE_013,4077.3,73.2,8.601,8.23,24.52,85.51,1789.8,25.57,100.0,1
2023-01-18 17:00:00,MACHINE_010,6151.1,79.41,10.359,8.91,25.0,95.76,1748.3,27.46,100.0,1
2023-01-18 19:30:00,MACHINE_014,4536.7,67.34,6.376,8.44,25.0,75.37,1593.5,28.48,68.21,1
2023-01-18 22:00:00,MACHINE_020,7233.6,79.61,11.652,8.33,25.0,90.73,1703.8,29.86,100.0,1
2023-01-19 00:30:00,MACHINE_009,3768.8,73.27,7.85,9.74,25.0,78.17,1705.4,27.83,85.66,1
2023-01-19 03:00:00,MACHINE_011,5516.6,93.12,10.711,8.78,25.0,100.63,1664.5,28.51,100.0,1
2023-01-19 05:30:00,MACHINE_006,6803.8,74.18,10.244,9.66,25.0,90.83,1703.5,25.56,100.0,1
2023-01-19 08:00:00,MACHINE_020,4505.9,68.2,7.198,9.66,25.0,83.39,1995.7,27.96,86.12,1
2023-01-19 10:30:00,MACHINE_019,4732.9,72.58,8.39,9.91,25.0,79.01,1891.4,27.77,95.85,1
2023-01-19 13:00:00,MACHINE_014,1517.7,46.44,1.075,9.83,8.0,56.18,1754.9,15.14,8.63,0
2023-01-19 15:30:00,MACHINE_002,2451.2,67.35,5.348,8.45,21.49,74.67,1915.7,26.29,44.24,0
2023-01-19 18:00:00,MACHINE_015,2951.3,68.31,7.882,8.75,24.33,81.87,1695.8,26.09,88.67,1
2023-01-19 20:30:00,MACHINE_013,2586.9,71.23,6.534,8.9,25.0,86.08,2000.0,29.43,56.97,0
2023-01-19 23:00:00,MACHINE_014,2392.0,66.14,6.351,9.59,23.91,71.39,1655.4,25.96,56.0,0
2023-01-20 01:30:00,MACHINE_001,6117.7,74.49,9.879,10.05,25.0,75.88,1831.6,29.34,100.0,1
2023-01-20 04:00:00,MACHINE_012,2181.7,57.58,4.956,7.77,19.86,63.16,1783.3,22.75,28.41,0
2023-01-20 06:30:00,MACHINE_002,6156.7,85.64,9.813,10.31,25.0,99.73,1885.5,26.48,100.0,1
2023-01-20 09:00:00,MACHINE_007,6794.2,70.1,10.721,8.19,25.0,79.29,1768.3,29.44,100.0,1
2023-01-20 11:30:00,MACHINE_008,1446.7,72.16,7.287,9.49,25.0,85.75,1720.8,26.37,73.63,1
2023-01-20 14:00:00,MACHINE_019,7608.2,85.76,10.696,9.49,25.0,94.59,1923.6,27.0,100.0,1
2023-01-20 16:30:00,MACHINE_009,6251.7,74.05,6.98,8.64,25.0,84.74,1822.0,26.63,93.15,1
2023-01-20 19:00:00,MACHINE_020,7728.0,98.08,13.191,8.99,25.0,107.48,1874.6,30.38,100.0,1
2023-01-20 21:30:00,MACHINE_006,7735.4,83.75,9.79,9.01,25.0,89.82,1751.4,26.95,100.0,1
2023-01-21 00:00:00,MACHINE_001,7466.7,90.76,10.983,8.09,25.0,100.12,1925.1,30.37,100.0,1
2023-01-21 02:30:00,MACHINE_013,3474.9,60.43,6.635,7.65,23.11,75.01,1861.7,26.52,65.14,1
2023-01-21 05:00:00,MACHINE_003,4940.7,65.81,6.57,8.37,23.84,81.73,1673.1,28.04,69.69,1
2023-01-21 07:30:00,MACHINE_008,1264.3,53.71,3.061,6.38,15.87,69.09,1685.5,20.41,8.11,0
2023-01-21 10:00:00,MACHINE_020,6541.5,68.47,8.247,9.24,25.0,82.05,1635.1,27.49,100.0,1
2023-01-21 12:30:00,MACHINE_019,6369.8,67.12,10.037,7.99,25.0,76.0,1860.7,26.83,100.0,1
2023-01-21 15:00:00,MACHINE_014,5461.4,79.52,10.046,8.96,25.0,81.94,1773.7,26.33,100.0,1
2023-01-21 17:30:00,MACHINE_011,594.9,54.04,4.628,6.44,16.21,65.52,1920.5,21.79,9.99,0
2023-01-21 20:00:00,MACHINE_016,1291.5,52.49,5.51,7.78,18.07,66.15,1646.3,21.93,40.8,0
2023-01-21 22:30:00,MACHINE_015,5804.8,80.44,9.228,8.6,25.0,91.61,1750.2,27.28,100.0,1
2023-01-22 01:00:00,MACHINE_017,7741.1,90.4,10.868,8.68,25.0,97.14,1615.8,27.93,100.0,1
2023-01-22 03:30:00,MACHINE_018,6309.8,96.11,12.656,8.77,25.0,104.39,1846.7,28.57,100.0,1
2023-01-22 06:00:00,MACHINE_019,2513.0,55.04,6.153,8.08,20.31,66.07,1790.0,26.66,45.12,0
2023-01-22 08:30:00,MACHINE_003,2592.0,61.06,7.238,8.4,24.63,67.47,1796.8,27.23,80.53,1
2023-01-22 11:00:00,MACHINE_015,4773.9,82.29,12.127,9.33,25.0,93.63,1737.3,27.84,100.0,1
2023-01-22 13:30:00,MACHINE_011,715.2,52.42,5.05,7.49,20.05,70.38,1724.1,21.11,24.96,0
2023-01-22 16:00:00,MACHINE_006,4156.6,79.97,8.36,8.02,25.0,90.23,1801.1,27.47,100.0,1
2023-01-22 18:30:00,MACHINE_009,3052.5,59.99,4.641,9.73,18.12,77.58,1932.8,24.45,22.85,0
2023-01-22 21:00:00,MACHINE_009,4668.4,75.15,8.24,8.01,25.0,81.2,1864.9,27.52,99.88,1
2023-01-22 23:30:00,MACHINE_007,1142.1,55.63,3.748,8.83,15.48,70.79,1628.0,19.9,14.08,0
2023-01-23 02:00:00,MACHINE_016,4663.8,63.33,6.328,8.92,22.72,71.77,1813.3,26.87,69.9,1
2023-01-23 04:30:00,MACHINE_016,5344.3,78.75,8.773,9.34,25.0,87.51,1675.3,28.46,100.0,1
2023-01-23 07:00:00,MACHINE_001,1197.9,35.29,3.176,7.54,12.01,44.82,1755.9,18.64,1.42,0
2023-01-23 09:30:00,MACHINE_008,2796.5,66.24,5.862,9.15,22.86,74.1,1877.7,25.89,56.07,0
2023-01-23 12:00:00,MACHINE_016,4651.0,74.75,10.426,8.55,25.0,82.57,1726.6,28.34,100.0,1
2023-01-23 14:30:00,MACHINE_018,2980.9,54.05,3.853,9.09,18.74,66.19,1750.9,22.9,22.24,0
2023-01-23 17:00:00,MACHINE_009,2799.7,54.16,5.31,9.11,19.86,62.45,1868.3,20.99,41.16,0
2023-01-23 19:30:00,MACHINE_007,2866.6,56.81,3.124,8.79,17.17,69.12,1857.1,24.1,19.52,0
2023-01-23 22:00:00,MACHINE_006,1936.6,71.19,6.962,8.72,22.44,82.45,1676.0,27.82,64.24,1
2023-01-24 00:30:00,MACHINE_009,5934.4,79.44,10.184,8.85,25.0,91.56,1782.4,26.77,100.0,1
2023-01-24 03:00:00,MACHINE_017,4975.9,68.23,7.771,8.26,25.0,78.57,1742.8,25.66,95.3,1
2023-01-24 05:30:00,MACHINE_007,2721.8,62.23,3.992,8.24,16.5,71.84,1884.8,19.55,11.73,0
2023-01-24 08:00:00,MACHINE_010,606.1,49.09,3.885,8.41,14.4,59.13,1674.5,20.47,1.92,0
2023-01-24 10:30:00,MACHINE_009,841.4,67.64,4.93,8.02,18.0,67.55,1588.0,21.76,25.02,0
2023-01-24 13:00:00,MACHINE_010,5730.6,64.05,8.995,8.13,25.0,75.1,1838.4,27.62,100.0,1
2023-01-24 15:30:00,MACHINE_016,1269.4,35.84,1.397,7.81,8.0,41.86,1750.0,14.48,0.56,0
2023-01-24 18:00:00,MACHINE_010,4020.5,69.77,7.856,7.76,25.0,78.56,1743.0,28.31,91.06,1
2023-01-24 20:30:00,MACHINE_006,7741.2,95.9,12.638,8.64,25.0,98.42,1769.6,27.56,100.0,1
2023-01-24 23:00:00,MACHINE_016,1355.7,53.29,1.721,7.88,11.94,59.88,1640.8,18.68,0.0,0
2023-01-25 01:30:00,MACHINE_016,1055.6,60.94,5.02,7.94,22.16,68.75,1836.8,27.0,29.43,0
2023-01-25 04:00:00,MACHINE_002,1638.0,67.55,5.225,8.82,21.24,80.04,1843.4,26.1,27.02,0
2023-01-25 06:30:00,MACHINE_010,1138.9,64.19,2.877,9.35,17.36,68.34,1731.9,20.36,7.07,0
2023-01-25 09:00:00,MACHINE_018,6233.3,77.39,10.461,9.82,25.0,86.08,1761.5,25.54,100.0,1
2023-01-25 11:30:00,MACHINE_020,2192.7,66.87,7.769,7.59,24.95,76.83,1765.7,26.57,85.13,1
2023-01-25 14:00:00,MACHINE_015,7313.8,81.67,10.636,9.29,25.0,87.44,1760.9,27.45,100.0,1
2023-01-25 16:30:00,MACHINE_019,7925.2,86.68,13.457,9.4,25.0,95.7,1740.6,28.86,100.0,1
2023-01-25 19:00:00,MACHINE_020,951.7,51.35,4.062,7.02,14.52,62.92,1740.7,21.67,14.94,0
2023-01-25 21:30:00,MACHINE_004,7606.9,92.55,12.486,7.62,25.0,95.85,1676.4,26.93,100.0,1
2023-01-26 00:00:00,MACHINE_007,2484.8,43.67,4.713,7.27,16.77,56.62,1639.5,17.74,20.27,0
2023-01-26 02:30:00,MACHINE_008,1803.6,65.97,7.835,7.57,25.0,70.18,1726.9,30.56,75.42,1
2023-01-26 05:00:00,MACHINE_001,3563.9,68.09,7.422,9.47,25.0,80.67,1736.1,27.75,80.31,1
2023-01-26 07:30:00,MACHINE_016,2684.4,66.56,5.686,8.87,21.59,77.09,1758.3,22.85,52.82,0
2023-01-26 10:00:00,MACHINE_010,5772.4,69.95,7.725,8.16,25.0,72.75,2000.0,30.02,94.31,1
2023-01-26 12:30:00,MACHINE_008,7429.3,85.79,11.466,9.35,25.0,99.25,1782.0,27.42,100.0,1
2023-01-26 15:00:00,MACHINE_019,5458.9,74.27,10.073,9.19,25.0,90.04,1789.3,27.67,100.0,1
2023-01-26 17:30:00,MACHINE_014,1360.8,63.84,6.124,7.9,22.73,68.13,1606.0,24.32,55.71,0
2023-01-26 20:00:00,MACHINE_005,7313.1,93.65,12.41,9.66,25.0,103.53,1822.5,28.82,100.0,1
2023-01-26 22:30:00,MACHINE_003,947.3,62.21,5.406,8.77,22.05,75.09,1673.1,24.71,34.32,0
2023-01-27 01:00:00,MACHINE_020,6117.2,73.69,8.923,8.07,25.0,78.2,1768.7,27.6,100.0,1
2023-01-27 03:30:00,MACHINE_010,3793.7,72.7,8.578,7.4,25.0,79.62,1640.0,27.95,99.09,1
2023-01-27 06:00:00,MACHINE_010,5748.0,75.21,6.59,9.24,22.81,89.23,1798.6,27.74,66.47,1
2023-01-27 08:30:00,MACHINE_017,4549.9,45.77,5.613,9.61,20.37,56.6,1729.1,24.89,43.73,0
2023-01-27 11:00:00,MACHINE_020,799.0,55.45,4.42,9.2,21.65,66.3,1719.2,24.8,13.15,0
2023-01-27 13:30:00,MACHINE_011,5027.9,67.81,7.319,8.17,25.0,70.37,1861.6,28.06,84.82,1
2023-01-27 16:00:00,MACHINE_008,7714.3,85.0,11.424,9.58,25.0,95.33,1747.2,25.87,100.0,1
2023-01-27 18:30:00,MACHINE_019,4903.4,68.99,8.889,8.82,25.0,76.47,1748.7,27.96,100.0,1
2023-01-27 21:00:00,MACHINE_009,4821.9,74.79,7.638,6.77,25.0,91.13,1814.1,28.98,96.77,1
2023-01-27 23:30:00,MACHINE_006,4028.8,69.15,7.508,8.12,25.0,82.22,1868.8,27.93,82.45,1
2023-01-28 02:00:00,MACHINE_009,1861.2,57.03,5.393,7.23,16.24,66.51,1608.6,19.61,28.22,0
2023-01-28 04:30:00,MACHINE_016,7767.9,84.22,12.943,9.17,25.0,94.78,1655.4,28.27,100.0,1
2023-01-28 07:00:00,MACHINE_014,2999.8,68.63,5.25,7.36,22.28,81.19,1643.1,23.88,47.94,0
2023-01-28 09:30:00,MACHINE_006,2973.5,52.87,6.989,7.59,23.24,64.3,1798.0,25.77,69.41,1
2023-01-28 12:00:00,MACHINE_010,5469.4,76.31,7.711,9.35,25.0,83.99,1673.5,24.04,93.26,1
2023-01-28 14:30:00,MACHINE_018,775.2,71.59,6.276,8.65,23.13,77.13,1813.7,25.0,58.31,0
2023-01-28 17:00:00,MACHINE_009,2924.6,68.61,7.346,8.96,25.0,85.07,1824.3,27.45,76.1,1
2023-01-28 19:30:00,MACHINE_013,6986.8,84.79,12.592,7.92,25.0,97.49,1749.6,27.71,100.0,1
2023-01-28 22:00:00,MACHINE_001,5432.5,73.9,10.447,7.43,25.0,83.49,1570.2,26.39,100.0,1
2023-01-29 00:30:00,MACHINE_014,906.5,52.18,3.851,7.29,14.98,61.76,1699.9,21.27,5.51,0
2023-01-29 03:00:00,MACHINE_020,6173.3,70.32,9.109,9.04,25.0,85.97,1665.3,26.1,100.0,1
2023-01-29 05:30:00,MACHINE_002,2026.7,55.92,5.237,9.16,19.1,65.79,1784.3,22.24,43.28,0
2023-01-29 08:00:00,MACHINE_010,3785.9,53.62,5.852,9.94,20.13,65.48,1749.1,23.62,56.26,0
2023-01-29 10:30:00,MACHINE_004,716.5,32.43,3.407,6.78,11.8,43.9,1780.4,15.83,4.46,0
2023-01-29 13:00:00,MACHINE_008,5823.4,94.83,9.278,9.26,25.0,102.7,1773.1,26.85,100.0,1
2023-01-29 15:30:00,MACHINE_001,4641.9,86.78,9.13,9.53,25.0,88.71,1823.8,29.65,100.0,1
2023-01-29 18:00:00,MACHINE_004,3960.9,65.41,6.87,7.55,24.74,74.12,1691.7,26.45,75.74,1
2023-01-29 20:30:00,MACHINE_005,4237.8,65.83,7.015,10.23,23.81,76.79,1725.9,27.38,74.67,1
2023-01-29 23:00:00,MACHINE_017,5790.6,72.2,10.322,9.81,25.0,75.31,1883.0,27.34,100.0,1
2023-01-30 01:30:00,MACHINE_016,7851.8,71.92,11.156,7.7,25.0,78.98,1644.6,26.48,100.0,1
2023-01-30 04:00:00,MACHINE_018,1584.8,56.46,5.135,9.96,16.74,68.53,1795.6,20.45,18.61,0
2023-01-30 06:30:00,MACHINE_020,4311.8,68.3,8.485,8.5,25.0,77.49,1754.8,26.02,100.0,1
2023-01-30 09:00:00,MACHINE_003,2571.9,68.2,5.705,6.52,22.2,82.16,1756.7,26.92,42.34,0
2023-01-30 11:30:00,MACHINE_014,3049.1,68.97,8.032,7.19,25.0,80.05,1721.7,27.78,87.2,1
2023-01-30 14:00:00,MACHINE_009,6654.1,76.51,9.764,7.89,25.0,85.73,1628.9,27.69,100.0,1
2023-01-30 16:30:00,MACHINE_010,6781.1,68.35,8.218,9.56,25.0,77.5,1823.4,28.81,100.0,1
2023-01-30 19:00:00,MACHINE_016,6989.5,78.93,11.883,10.19,25.0,87.89,1709.1,26.3,100.0,1
2023-01-30 21:30:00,MACHINE_016,3088.4,66.98,8.12,9.1,24.3,80.46,1668.1,26.11,90.92,1
2023-01-31 00:00:00,MACHINE_018,3329.1,81.49,11.712,9.34,25.0,96.54,1861.5,27.67,100.0,1
2023-01-31 02:30:00,MACHINE_007,7855.8,90.43,12.446,9.56,25.0,99.02,1715.4,26.66,100.0,1
2023-01-31 05:00:00,MACHINE_013,2251.7,62.76,6.413,8.86,25.0,75.51,1830.1,26.59,61.02,1
2023-01-31 07:30:00,MACHINE_002,2886.3,68.25,7.443,8.36,25.0,73.17,1717.6,28.41,83.18,1
2023-01-31 10:00:00,MACHINE_013,3395.6,69.28,6.922,8.63,23.5,82.72,1800.6,27.22,68.38,1
2023-01-31 12:30:00,MACHINE_005,4215.0,51.29,7.011,7.89,20.81,59.3,1704.7,25.4,72.51,1
2023-01-31 15:00:00,MACHINE_017,7740.2,93.63,10.438,10.05,25.0,99.38,1801.4,25.63,100.0,1
2023-01-31 17:30:00,MACHINE_004,7056.4,75.65,8.286,7.52,25.0,82.56,1889.8,27.56,98.56,1
2023-01-31 20:00:00,MACHINE_017,7328.3,76.34,11.639,8.63,25.0,81.34,1808.8,29.13,100.0,1
2023-01-31 22:30:00,MACHINE_005,3574.8,63.0,4.792,8.17,19.72,71.65,1653.7,23.47,31.8,0
2023-02-01 01:00:00,MACHINE_005,1061.2,54.95,2.854,8.13,12.66,69.05,1852.1,16.54,0.0,0
2023-02-01 03:30:00,MACHINE_009,3039.2,52.4,4.068,8.2,13.95,60.39,1649.6,18.96,10.49,0
2023-02-01 06:00:00,MACHINE_003,6888.2,80.05,10.171,8.34,25.0,95.21,1886.8,26.62,100.0,1
2023-02-01 08:30:00,MACHINE_018,3350.1,74.15,5.68,9.32,24.65,76.04,1680.6,28.11,55.91,0
2023-02-01 11:00:00,MACHINE_016,7042.9,91.96,11.567,9.31,25.0,96.13,1889.1,27.92,100.0,1
2023-02-01 13:30:00,MACHINE_003,2260.8,47.87,4.53,8.64,16.32,62.27,1725.4,21.55,12.28,0
2023-02-01 16:00:00,MACHINE_010,7980.7,92.05,11.583,9.17,25.0,99.79,1852.1,27.49,100.0,1
2023-02-01 18:30:00,MACHINE_014,7837.5,106.69,14.701,8.23,25.0,112.28,1776.9,27.99,100.0,1
2023-02-01 21:00:00,MACHINE_004,3827.6,62.88,5.51,7.72,19.2,72.61,1668.9,23.56,49.97,0
2023-02-01 23:30:00,MACHINE_001,844.9,48.45,3.309,8.59,14.76,60.77,1832.1,20.81,0.0,0
2023-02-02 02:00:00,MACHINE_010,3188.5,73.78,7.98,8.05,25.0,82.25,1726.0,28.67,100.0,1
2023-02-02 04:30:00,MACHINE_008,4483.7,66.42,5.445,8.77,21.89,74.1,1906.6,24.35,52.37,0
2023-02-02 07:00:00,MACHINE_006,1774.9,53.27,6.149,9.87,19.25,56.17,1869.5,23.32,45.84,0
2023-02-02 09:30:00,MACHINE_013,5147.8,77.09,6.223,8.71,22.8,79.87,1904.5,25.12,69.2,1
2023-02-02 12:00:00,MACHINE_019,1573.4,55.02,3.777,8.95,16.41,64.96,1861.7,21.22,4.48,0
2023-02-02 14:30:00,MACHINE_009,3946.8,60.91,5.246,10.78,21.52,66.67,1669.4,25.06,46.3,0
2023-02-02 17:00:00,MACHINE_015,7259.1,93.11,11.102,8.91,25.0,100.72,1542.3,26.19,100.0,1
2023-02-02 19:30:00,MACHINE_006,1054.0,56.15,7.452,8.63,22.93,71.89,1806.8,26.74,73.85,1
2023-02-02 22:00:00,MACHINE_019,2743.7,81.68,5.989,9.18,22.61,94.46,1677.8,24.85,58.19,0
2023-02-03 00:30:00,MACHINE_009,3926.3,78.71,8.963,7.75,25.0,81.33,1615.2,26.57,100.0,1
2023-02-03 03:00:00,MACHINE_013,6900.0,107.48,13.011,8.18,25.0,111.04,1958.4,26.64,100.0,1
2023-02-03 05:30:00,MACHINE_013,4789.4,91.18,10.052,8.28,25.0,89.76,1752.0,27.9,100.0,1
2023-02-03 08:00:00,MACHINE_010,664.5,43.69,2.567,7.36,12.3,53.83,1692.5,16.49,5.25,0
2023-02-03 10:30:00,MACHINE_013,2558.6,70.26,5.89,8.62,20.06,77.42,1753.5,26.95,40.58,0
2023-02-03 13:00:00,MACHINE_002,7329.6,101.45,13.419,9.39,25.0,109.93,1812.8,27.75,100.0,1
2023-02-03 15:30:00,MACHINE_010,6318.1,92.75,9.997,7.95,25.0,93.26,1738.7,28.93,100.0,1
2023-02-03 18:00:00,MACHINE_012,2142.5,60.17,5.035,9.09,15.76,63.45,1788.9,22.2,21.0,0
2023-02-03 20:30:00,MACHINE_009,5583.2,62.92,8.256,7.95,24.16,71.24,1726.5,26.03,87.89,1
2023-02-03 23:00:00,MACHINE_005,5211.9,85.01,10.828,9.39,25.0,94.67,1773.1,28.33,100.0,1
2023-02-04 01:30:00,MACHINE_002,2817.0,57.82,5.298,8.73,21.51,67.73,1839.5,25.43,47.99,0
2023-02-04 04:00:00,MACHINE_019,3236.5,70.04,5.57,9.71,22.61,72.45,1732.3,25.97,50.79,0
2023-02-04 06:30:00,MACHINE_010,2950.4,66.64,6.474,9.89,24.5,74.06,1877.9,26.53,66.95,1
2023-02-04 09:00:00,MACHINE_007,1491.2,72.73,5.426,7.96,20.66,77.06,1666.7,23.39,30.15,0
2023-02-04 11:30:00,MACHINE_012,4481.4,73.38,8.824,7.92,25.0,86.2,1847.5,27.2,100.0,1
2023-02-04 14:00:00,MACHINE_006,2427.3,52.59,5.527,8.41,19.89,61.12,1664.6,23.96,35.22,0
2023-02-04 16:30:00,MACHINE_016,7755.4,95.06,10.278,9.73,25.0,100.09,1843.1,27.13,100.0,1
2023-02-04 19:00:00,MACHINE_011,6531.7,86.65,9.682,8.09,25.0,93.47,1591.3,26.82,100.0,1
2023-02-04 21:30:00,MACHINE_003,1555.7,63.25,4.496,8.2,19.57,76.88,1781.6,24.15,13.57,0
2023-02-05 00:00:00,MACHINE_013,7754.5,97.61,12.887,8.28,25.0,105.75,1738.2,27.84,100.0,1
2023-02-05 02:30:00,MACHINE_012,1177.3,64.7,3.164,8.99,18.0,72.65,1874.9,25.29,14.66,0
2023-02-05 05:00:00,MACHINE_009,4524.3,75.64,9.232,8.81,25.0,81.11,1918.5,27.36,100.0,1
2023-02-05 07:30:00,MACHINE_009,4884.2,79.78,6.919,9.06,22.45,91.52,1855.8,25.41,77.45,1
2023-02-05 10:00:00,MACHINE_012,1312.6,73.02,4.988,7.8,23.03,83.42,1742.3,27.2,41.52,0
2023-02-05 12:30:00,MACHINE_001,5146.6,70.4,7.328,9.58,25.0,83.91,1689.6,29.58,82.71,1
2023-02-05 15:00:00,MACHINE_011,7364.4,85.99,11.235,10.13,25.0,90.6,1834.9,27.98,100.0,1
2023-02-05 17:30:00,MACHINE_003,5265.5,55.52,6.264,8.51,19.21,64.89,1735.9,25.2,66.04,1
2023-02-05 20:00:00,MACHINE_010,5369.3,74.02,8.211,8.6,25.0,77.87,1682.2,25.8,100.0,1
2023-02-05 22:30:00,MACHINE_002,7597.0,95.64,10.902,9.78,25.0,99.82,1863.6,28.03,100.0,1
2023-02-06 01:00:00,MACHINE_016,1370.9,51.86,3.45,8.09,13.69,57.54,1592.9,17.64,2.69,0
2023-02-06 03:30:00,MACHINE_018,1517.5,54.91,3.776,8.26,16.6,65.7,1686.3,19.44,2.54,0
2023-02-06 06:00:00,MACHINE_018,3643.5,64.46,5.939,7.87,19.58,73.37,1761.6,24.21,46.38,0
2023-02-06 08:30:00,MACHINE_005,7140.6,84.1,9.388,8.82,25.0,93.67,1583.9,26.24,100.0,1
2023-02-06 11:00:00,MACHINE_016,5117.4,78.3,11.849,9.02,25.0,89.16,1588.8,26.6,100.0,1
2023-02-06 13:30:00,MACHINE_009,745.4,60.9,3.442,8.33,15.09,72.97,1720.4,22.12,6.49,0
2023-02-06 16:00:00,MACHINE_015,3835.2,73.92,7.803,8.98,23.67,77.56,1850.0,26.94,78.86,1
2023-02-06 18:30:00,MACHINE_012,1245.2,55.21,5.956,9.31,20.19,68.52,1735.6,21.78,38.83,0
2023-02-06 21:00:00,MACHINE_018,7262.7,101.94,11.895,8.98,25.0,113.98,1928.2,31.05,100.0,1
2023-02-06 23:30:00,MACHINE_002,3486.0,70.41,4.984,9.78,18.68,75.34,1671.8,21.67,28.4,0
2023-02-07 02:00:00,MACHINE_004,7617.6,85.0,10.254,8.43,25.0,91.15,1776.6,29.09,100.0,1
2023-02-07 04:30:00,MACHINE_003,5470.8,72.38,8.032,9.58,25.0,79.43,1825.9,26.56,100.0,1
2023-02-07 07:00:00,MACHINE_020,7783.2,94.74,11.538,8.37,25.0,97.3,1876.4,27.37,100.0,1
2023-02-07 09:30:00,MACHINE_011,2326.8,43.4,2.843,8.07,11.06,46.39,1680.7,17.05,6.04,0
2023-02-07 12:00:00,MACHINE_019,2039.0,40.52,0.543,7.56,8.12,45.35,1687.2,13.89,13.06,0
2023-02-07 14:30:00,MACHINE_018,2053.7,56.71,5.048,8.46,15.48,64.65,1776.7,21.1,42.46,0
2023-02-07 17:00:00,MACHINE_008,2964.2,46.88,6.361,7.93,20.37,52.49,1702.2,23.11,56.7,0
2023-02-07 19:30:00,MACHINE_020,521.3,38.54,2.795,7.68,9.97,50.7,1865.2,16.16,3.36,0
2023-02-07 22:00:00,MACHINE_005,7906.5,85.5,12.049,9.42,25.0,91.56,1841.3,28.07,100.0,1
2023-02-08 00:30:00,MACHINE_006,1324.4,49.84,4.364,8.06,16.26,62.81,1772.5,20.92,13.03,0
2023-02-08 03:00:00,MACHINE_005,611.5,65.94,5.658,9.21,20.49,73.91,1865.7,25.74,45.05,0
2023-02-08 05:30:00,MACHINE_008,4916.4,70.36,7.477,7.28,24.83,75.9,1685.0,27.81,85.61,1
2023-02-08 08:00:00,MACHINE_009,893.0,56.57,2.424,8.41,8.92,66.91,1591.1,16.09,6.57,0
2023-02-08 10:30:00,MACHINE_017,1352.4,60.3,6.276,7.65,24.25,66.93,1715.4,28.13,51.17,0
2023-02-08 13:00:00,MACHINE_015,6335.1,76.15,8.501,8.28,25.0,86.88,1725.7,27.8,100.0,1
2023-02-08 15:30:00,MACHINE_004,3890.0,54.21,5.906,6.77,19.94,56.0,1920.1,25.65,50.67,0
2023-02-08 18:00:00,MACHINE_020,825.2,64.37,3.458,8.92,16.85,75.86,1891.6,22.98,7.62,0
2023-02-08 20:30:00,MACHINE_017,2762.2,49.52,3.247,8.11,14.22,56.61,1989.4,22.43,11.3,0
2023-02-08 23:00:00,MACHINE_001,956.2,54.72,3.419,7.55,15.26,63.92,1612.7,19.91,2.61,0
2023-02-09 01:30:00,MACHINE_013,3697.1,52.4,4.255,7.93,19.32,58.97,1611.1,23.13,15.82,0
2023-02-09 04:00:00,MACHINE_015,1051.2,64.02,4.027,8.4,19.63,63.86,1614.4,22.09,18.01,0
2023-02-09 06:30:00,MACHINE_020,1612.5,44.45,0.5,7.76,8.71,53.77,1694.8,14.52,10.61,0
2023-02-09 09:00:00,MACHINE_020,5248.1,61.16,6.661,8.58,23.19,68.24,1761.0,23.21,68.74,1
2023-02-09 11:30:00,MACHINE_011,3356.8,71.08,5.6,8.66,22.43,78.36,1776.2,24.55,47.91,0
2023-02-09 14:00:00,MACHINE_010,3902.9,75.41,7.73,8.22,25.0,85.59,1545.4,27.87,85.98,1
2023-02-09 16:30:00,MACHINE_004,6448.2,87.63,11.8,7.82,25.0,88.92,1663.9,29.15,100.0,1
2023-02-09 19:00:00,MACHINE_018,5906.3,76.16,9.192,7.74,25.0,81.19,1707.5,27.18,100.0,1
2023-02-09 21:30:00,MACHINE_015,7160.7,74.64,10.028,10.08,25.0,81.5,1856.8,26.51,100.0,1
2023-02-10 00:00:00,MACHINE_015,3490.5,69.62,8.692,7.99,25.0,81.69,1801.2,28.04,99.61,1
2023-02-10 02:30:00,MACHINE_011,3700.7,79.44,7.946,7.19,25.0,87.2,1760.8,27.49,98.88,1
2023-02-10 05:00:00,MACHINE_012,7651.9,73.51,10.039,7.2,25.0,82.24,1771.9,26.57,100.0,1
2023-02-10 07:30:00,MACHINE_016,1003.5,63.4,5.204,8.36,20.78,72.55,1838.8,26.76,37.99,0
2023-02-10 10:00:00,MACHINE_003,3739.1,62.87,6.712,7.42,23.71,74.66,1547.5,24.13,67.91,1
2023-02-10 12:30:00,MACHINE_012,6588.3,82.08,8.494,9.12,25.0,88.52,1692.9,28.47,100.0,1
2023-02-10 15:00:00,MACHINE_019,7674.7,86.39,10.332,9.28,25.0,92.7,1845.6,25.69,100.0,1
2023-02-10 17:30:00,MACHINE_004,3581.1,68.98,6.242,8.5,22.7,75.03,1905.5,26.6,61.99,1
2023-02-10 20:00:00,MACHINE_014,7010.7,95.26,10.215,9.43,25.0,105.42,1561.9,26.44,100.0,1
2023-02-10 22:30:00,MACHINE_010,5003.1,79.84,9.247,8.2,25.0,84.66,1660.4,28.06,100.0,1
2023-02-11 01:00:00,MACHINE_019,4305.6,47.02,4.748,7.33,14.29,49.11,1743.6,21.03,25.7,0
2023-02-11 03:30:00,MACHINE_016,2181.8,55.48,5.107,7.95,17.58,56.68,1569.9,20.57,29.11,0
2023-02-11 06:00:00,MACHINE_018,3256.7,65.75,5.723,7.75,22.19,72.19,1818.7,24.53,46.22,0
2023-02-11 08:30:00,MACHINE_019,2196.2,48.08,3.287,8.97,14.73,59.47,1817.5,18.81,4.93,0
2023-02-11 11:00:00,MACHINE_018,7809.1,84.54,12.583,7.9,25.0,96.67,1926.9,27.89,100.0,1
2023-02-11 13:30:00,MACHINE_020,5562.3,98.95,10.074,7.89,25.0,106.77,1555.6,26.08,100.0,1
2023-02-11 16:00:00,MACHINE_020,7468.1,91.08,11.871,9.15,25.0,97.26,1701.4,26.33,100.0,1
2023-02-11 18:30:00,MACHINE_009,717.1,60.62,4.598,9.36,16.55,71.52,1925.6,22.92,23.13,0
2023-02-11 21:00:00,MACHINE_010,7411.5,74.76,9.192,8.09,25.0,77.16,1823.5,29.51,100.0,1
2023-02-11 23:30:00,MACHINE_006,7024.0,89.53,9.736,8.27,25.0,98.39,1747.5,26.99,100.0,1
2023-02-12 02:00:00,MACHINE_013,1021.9,45.14,5.129,7.11,17.52,59.97,1602.6,21.38,29.74,0
2023-02-12 04:30:00,MACHINE_001,1188.2,55.46,7.338,6.99,24.67,63.83,1802.9,28.05,69.31,1
2023-02-12 07:00:00,MACHINE_013,3648.7,70.71,4.711,9.08,20.38,78.4,1873.5,25.09,33.1,0
2023-02-12 09:30:00,MACHINE_012,2837.3,56.65,4.251,9.29,19.23,62.67,1776.4,22.22,26.59,0
2023-02-12 12:00:00,MACHINE_019,4971.7,81.69,11.162,8.1,25.0,92.71,1812.7,27.55,100.0,1
2023-02-12 14:30:00,MACHINE_005,1680.6,65.69,6.031,7.78,23.91,78.14,1755.0,26.81,56.11,0
2023-02-12 17:00:00,MACHINE_003,2540.8,55.21,4.811,6.59,19.31,60.75,1868.2,23.43,27.34,0
2023-02-12 19:30:00,MACHINE_016,5053.1,70.89,7.547,9.74,21.9,81.22,1814.6,24.05,76.79,1
2023-02-12 22:00:00,MACHINE_007,6162.1,96.95,9.896,8.16,25.0,99.38,1655.4,27.29,100.0,1
2023-02-13 00:30:00,MACHINE_014,1331.7,65.7,6.208,8.93,22.78,80.53,1764.7,24.49,54.92,0
2023-02-13 03:00:00,MACHINE_019,4149.7,89.58,7.792,8.66,25.0,96.95,1661.0,28.4,100.0,1
2023-02-13 05:30:00,MACHINE_002,2153.9,62.3,4.085,7.21,17.91,78.49,1777.7,22.32,10.6,0
2023-02-13 08:00:00,MACHINE_002,557.7,42.43,3.279,8.81,10.85,54.83,1819.6,18.91,0.0,0
2023-02-13 10:30:00,MACHINE_007,6255.1,71.01,8.526,9.01,25.0,83.11,1741.9,26.23,100.0,1
2023-02-13 13:00:00,MACHINE_010,2960.9,56.6,7.137,8.11,25.0,62.2,1734.6,26.8,74.23,1
2023-02-13 15:30:00,MACHINE_014,1817.7,62.5,5.056,7.98,19.24,69.55,1532.6,22.64,24.87,0
2023-02-13 18:00:00,MACHINE_008,4252.0,61.97,4.513,7.01,16.3,71.24,1921.4,21.2,23.94,0
2023-02-13 20:30:00,MACHINE_012,1040.6,58.03,4.192,8.31,15.35,74.38,1932.8,19.16,1.58,0
2023-02-13 23:00:00,MACHINE_002,3771.6,66.96,5.519,8.94,19.94,80.71,1883.8,24.63,49.11,0
2023-02-14 01:30:00,MACHINE_003,6965.8,96.36,10.835,8.42,25.0,105.02,1768.3,25.7,100.0,1
2023-02-14 04:00:00,MACHINE_019,3533.2,67.45,6.472,10.12,20.93,77.99,1937.3,28.11,57.51,0
2023-02-14 06:30:00,MACHINE_010,1363.8,60.58,5.168,8.57,19.3,65.27,1504.2,22.81,30.84,0
2023-02-14 09:00:00,MACHINE_011,1789.0,56.68,6.865,7.8,21.7,75.62,1658.9,23.91,61.02,1
2023-02-14 11:30:00,MACHINE_015,6740.2,92.83,11.286,7.97,25.0,100.8,1737.8,27.95,100.0,1
2023-02-14 14:00:00,MACHINE_003,3775.3,53.97,6.76,8.5,23.8,60.06,1866.0,27.74,77.06,1
2023-02-14 16:30:00,MACHINE_014,4916.5,80.15,8.536,10.59,25.0,88.72,1670.2,25.56,100.0,1
2023-02-14 19:00:00,MACHINE_013,7028.9,88.35,10.08,9.04,25.0,98.85,1652.7,26.88,100.0,1
2023-02-14 21:30:00,MACHINE_008,2998.0,61.82,5.191,8.06,17.78,66.19,1691.1,18.28,42.69,0
2023-02-15 00:00:00,MACHINE_017,5249.2,86.88,9.044,8.91,25.0,98.35,1954.0,28.71,100.0,1
2023-02-15 02:30:00,MACHINE_007,7294.4,90.05,9.546,8.63,25.0,93.0,1736.7,27.32,100.0,1
2023-02-15 05:00:00,MACHINE_005,2272.0,61.7,3.92,7.86,15.18,69.18,1532.7,20.43,14.11,0
2023-02-15 07:30:00,MACHINE_007,1801.2,56.06,1.236,8.04,10.86,58.09,1695.3,18.46,8.73,0
2023-02-15 10:00:00,MACHINE_003,1828.6,50.79,1.977,7.97,11.39,63.96,1691.9,17.62,15.16,0
2023-02-15 12:30:00,MACHINE_016,3979.6,77.61,7.738,8.58,25.0,88.6,1694.9,27.28,89.4,1
2023-02-15 15:00:00,MACHINE_019,3866.8,65.54,4.963,8.76,19.63,79.06,1707.9,24.73,30.92,0
2023-02-15 17:30:00,MACHINE_019,5322.4,92.7,7.982,9.35,25.0,100.79,1815.5,29.36,100.0,1
2023-02-15 20:00:00,MACHINE_011,6981.9,91.2,8.056,8.21,25.0,96.46,1632.7,26.68,100.0,1
2023-02-15 22:30:00,MACHINE_005,3798.2,53.61,4.204,9.48,19.35,61.72,1651.8,25.28,31.12,0
2023-02-16 01:00:00,MACHINE_010,6472.5,89.96,9.619,8.92,25.0,97.7,1909.4,29.35,100.0,1
2023-02-16 03:30:00,MACHINE_012,4305.0,84.25,8.999,9.4,25.0,85.31,1770.4,26.96,100.0,1
2023-02-16 06:00:00,MACHINE_015,782.1,56.16,6.704,6.86,21.86,65.29,1735.5,24.94,50.13,0
2023-02-16 08:30:00,MACHINE_010,1075.5,56.76,3.033,6.59,16.44,71.76,1723.0,21.22,11.49,0
2023-02-16 11:00:00,MACHINE_003,5112.6,78.62,9.729,8.51,25.0,86.39,1775.6,26.1,100.0,1
2023-02-16 13:30:00,MACHINE_015,4852.5,68.03,6.73,7.9,22.0,86.52,1877.1,28.19,63.39,1
2023-02-16 16:00:00,MACHINE_002,3873.0,70.56,5.523,8.04,20.16,84.75,1707.2,24.94,47.81,0
2023-02-16 18:30:00,MACHINE_007,2911.5,84.74,5.964,9.87,25.0,87.82,1884.1,28.57,63.45,1
2023-02-16 21:00:00,MACHINE_005,7682.9,83.48,9.941,10.48,25.0,91.67,1716.4,26.4,100.0,1
2023-02-16 23:30:00,MACHINE_011,7867.9,79.91,10.101,8.8,25.0,81.85,1801.5,28.59,100.0,1
2023-02-17 02:00:00,MACHINE_006,793.6,44.64,2.296,9.08,12.85,52.04,1802.7,16.27,2.62,0
2023-02-17 04:30:00,MACHINE_015,4430.5,89.47,8.05,8.28,25.0,91.8,1688.3,27.91,100.0,1
2023-02-17 07:00:00,MACHINE_012,3296.4,64.76,7.05,8.83,24.19,69.41,1799.6,26.99,76.31,1
2023-02-17 09:30:00,MACHINE_014,6308.5,78.85,9.243,7.96,25.0,84.92,1633.8,27.23,100.0,1
2023-02-17 12:00:00,MACHINE_002,6419.2,90.58,10.098,9.29,25.0,99.17,1689.3,27.38,100.0,1
2023-02-17 14:30:00,MACHINE_003,2972.7,65.11,3.47,8.63,20.0,72.42,1685.7,23.87,20.47,0
2023-02-17 17:00:00,MACHINE_013,2631.1,73.56,5.014,9.24,21.82,82.51,1804.6,26.62,41.11,0
2023-02-17 19:30:00,MACHINE_020,7049.6,77.26,10.794,8.67,25.0,82.66,1744.4,28.9,100.0,1
2023-02-17 22:00:00,MACHINE_019,5477.1,68.92,7.522,8.71,25.0,82.41,1675.2,30.11,90.59,1
2023-02-18 00:30:00,MACHINE_010,7757.7,102.13,12.389,9.61,25.0,112.63,1883.9,29.22,100.0,1
2023-02-18 03:00:00,MACHINE_013,1467.1,51.9,4.153,9.0,15.89,66.05,1911.3,20.37,4.29,0
2023-02-18 05:30:00,MACHINE_003,2821.9,63.01,6.049,8.04,23.57,71.03,1750.7,24.71,49.77,0
2023-02-18 08:00:00,MACHINE_011,6598.9,87.19,7.864,9.71,25.0,104.67,2000.0,28.53,100.0,1
2023-02-18 10:30:00,MACHINE_017,1200.9,64.08,6.741,7.17,20.4,71.81,1787.7,24.83,60.87,1
2023-02-18 13:00:00,MACHINE_017,3213.7,55.93,2.51,9.02,12.25,57.04,1780.8,19.04,9.03,0
2023-02-18 15:30:00,MACHINE_006,7633.8,86.39,10.849,8.59,25.0,88.78,1810.0,28.19,100.0,1
2023-02-18 18:00:00,MACHINE_016,1940.0,50.79,3.749,6.49,15.53,69.03,1568.4,18.78,8.52,0
2023-02-18 20:30:00,MACHINE_005,1078.7,65.65,4.223,7.95,15.3,77.17,1949.3,21.56,7.08,0
2023-02-18 23:00:00,MACHINE_004,4307.7,75.1,7.77,8.03,25.0,83.19,1748.4,26.32,95.99,1
2023-02-19 01:30:00,MACHINE_017,783.1,58.93,3.282,9.19,14.7,63.25,1693.8,17.37,4.71,0
2023-02-19 04:00:00,MACHINE_020,1482.9,41.04,1.291,6.39,8.87,49.08,1681.2,13.81,0.0,0
2023-02-19 06:30:00,MACHINE_006,1856.3,63.02,4.377,8.71,16.87,73.47,1890.6,22.81,12.91,0
2023-02-19 09:00:00,MACHINE_020,6567.8,86.82,10.079,8.9,25.0,89.06,1785.3,26.48,100.0,1
2023-02-19 11:30:00,MACHINE_015,827.7,41.32,0.5,7.09,8.0,46.99,1779.1,14.94,0.0,0
2023-02-19 14:00:00,MACHINE_008,7771.9,96.82,13.064,8.29,25.0,100.64,1761.5,26.04,100.0,1
2023-02-19 16:30:00,MACHINE_015,2255.0,57.82,4.676,8.05,16.31,62.4,1773.9,21.05,20.44,0
2023-02-19 19:00:00,MACHINE_016,7279.8,82.62,11.863,7.88,25.0,89.52,1791.7,27.47,100.0,1
2023-02-19 21:30:00,MACHINE_019,7883.3,100.73,10.818,8.38,25.0,109.03,1791.5,26.55,100.0,1
2023-02-20 00:00:00,MACHINE_010,6335.9,77.98,8.549,9.52,25.0,89.62,1859.2,29.35,100.0,1
2023-02-20 02:30:00,MACHINE_014,7747.0,89.68,9.698,8.53,25.0,102.59,1645.9,26.54,100.0,1
2023-02-20 05:00:00,MACHINE_020,1538.0,45.12,3.887,7.55,14.46,50.67,1658.1,19.13,3.54,0
2023-02-20 07:30:00,MACHINE_016,7055.9,84.0,9.56,9.1,25.0,91.27,1867.6,26.42,100.0,1
2023-02-20 10:00:00,MACHINE_004,5835.5,71.06,6.658,8.02,25.0,81.41,1770.6,25.76,76.39,1
2023-02-20 12:30:00,MACHINE_004,2638.0,65.85,6.03,7.04,20.56,76.04,1780.4,21.69,48.68,0
2023-02-20 15:00:00,MACHINE_009,3869.9,71.17,8.149,9.16,25.0,76.23,1578.5,26.17,98.85,1
2023-02-20 17:30:00,MACHINE_014,1187.9,67.46,5.853,8.89,22.34,77.52,1750.7,27.51,41.33,0
2023-02-20 20:00:00,MACHINE_015,7134.7,101.7,11.729,10.23,25.0,112.65,1717.0,25.64,100.0,1
2023-02-20 22:30:00,MACHINE_014,899.4,62.56,3.343,7.25,15.93,70.33,1785.9,22.02,4.27,0
2023-02-21 01:00:00,MACHINE_008,3396.2,83.48,8.216,8.56,25.0,84.85,1723.5,28.52,100.0,1
2023-02-21 03:30:00,MACHINE_008,711.4,42.51,2.593,8.62,14.1,59.09,1834.5,19.82,4.08,0
2023-02-21 06:00:00,MACHINE_011,6435.4,94.72,9.408,8.76,25.0,97.69,1884.3,27.46,100.0,1
2023-02-21 08:30:00,MACHINE_010,7380.5,85.41,11.877,9.3,25.0,90.49,1644.1,27.59,100.0,1
2023-02-21 11:00:00,MACHINE_005,6191.3,101.52,12.155,8.7,25.0,105.84,1736.1,28.77,100.0,1
2023-02-21 13:30:00,MACHINE_020,539.4,45.47,4.813,8.18,17.8,48.81,1785.8,22.66,9.97,0
2023-02-21 16:00:00,MACHINE_009,2117.4,77.92,8.131,8.42,25.0,82.25,1763.0,27.99,90.65,1
2023-02-21 18:30:00,MACHINE_020,4458.3,77.52,9.843,9.18,25.0,84.54,1933.7,32.2,100.0,1
2023-02-21 21:00:00,MACHINE_010,2282.3,63.41,2.858,8.91,14.4,73.34,1686.7,17.21,4.49,0
2023-02-21 23:30:00,MACHINE_008,3648.7,51.55,6.078,6.6,20.06,57.15,1685.9,25.45,54.04,0
2023-02-22 02:00:00,MACHINE_015,971.1,46.67,2.905,8.17,13.71,55.21,1808.7,16.08,0.0,0
2023-02-22 04:30:00,MACHINE_016,4975.5,71.68,8.674,8.64,25.0,71.18,1778.6,27.55,100.0,1
2023-02-22 07:00:00,MACHINE_017,4812.9,70.87,8.566,8.19,25.0,86.91,1607.4,24.56,100.0,1
2023-02-22 09:30:00,MACHINE_010,3719.3,63.2,5.914,7.84,20.91,77.11,1823.0,25.84,44.62,0
2023-02-22 12:00:00,MACHINE_008,4780.0,64.86,3.749,7.85,18.64,71.11,1720.8,22.55,18.17,0
2023-02-22 14:30:00,MACHINE_003,4426.1,74.72,8.747,7.38,25.0,83.17,1692.1,28.05,100.0,1
2023-02-22 17:00:00,MACHINE_017,4580.6,72.88,8.233,8.05,25.0,84.31,1766.5,26.36,98.26,1
2023-02-22 19:30:00,MACHINE_017,4656.1,86.9,9.64,9.67,25.0,94.13,1807.3,26.65,100.0,1
2023-02-22 22:00:00,MACHINE_016,826.5,44.77,1.911,8.28,11.2,49.5,1856.9,18.37,0.0,0
2023-02-23 00:30:00,MACHINE_012,2402.4,48.58,3.899,7.84,15.42,51.78,1542.0,18.81,6.53,0
2023-02-23 03:00:00,MACHINE_003,3086.0,71.17,5.769,9.95,19.25,84.76,1762.6,24.28,44.69,0
2023-02-23 05:30:00,MACHINE_004,6286.3,92.96,10.281,8.13,25.0,100.56,1770.8,29.09,100.0,1
2023-02-23 08:00:00,MACHINE_011,1500.6,62.23,4.019,8.34,17.49,64.29,1674.9,23.11,14.19,0
2023-02-23 10:30:00,MACHINE_011,6601.3,84.22,10.443,8.61,25.0,86.66,1781.5,29.03,100.0,1
2023-02-23 13:00:00,MACHINE_015,7856.1,105.13,11.076,10.54,25.0,108.81,1607.8,26.24,100.0,1
2023-02-23 15:30:00,MACHINE_006,6586.2,79.4,9.533,9.53,25.0,82.62,1667.0,26.03,100.0,1
2023-02-23 18:00:00,MACHINE_015,777.4,46.73,4.806,7.97,16.82,56.23,1872.5,21.84,16.12,0
2023-02-23 20:30:00,MACHINE_007,7143.4,87.22,11.195,9.62,25.0,93.28,1942.2,28.92,100.0,1
2023-02-23 23:00:00,MACHINE_010,4365.4,59.41,3.221,8.7,15.25,71.02,1784.4,20.29,19.24,0
2023-02-24 01:30:00,MACHINE_018,4050.5,71.65,6.398,9.41,23.11,75.89,1726.5,25.19,64.77,1
2023-02-24 04:00:00,MACHINE_007,2645.8,63.38,6.173,8.25,19.09,73.65,1830.4,23.11,47.48,0
2023-02-24 06:30:00,MACHINE_002,6993.5,95.47,10.594,7.82,25.0,97.73,1645.8,26.77,100.0,1
2023-02-24 09:00:00,MACHINE_004,6495.1,84.1,10.439,10.3,25.0,90.61,1741.1,26.44,100.0,1
2023-02-24 11:30:00,MACHINE_013,6074.8,77.74,9.636,10.61,25.0,87.24,1791.9,28.18,100.0,1
2023-02-24 14:00:00,MACHINE_013,3042.8,76.59,4.166,6.8,18.91,83.65,1565.4,18.4,22.68,0
2023-02-24 16:30:00,MACHINE_016,3255.1,68.7,5.184,7.78,19.15,79.53,1678.9,23.35,21.55,0
2023-02-24 19:00:00,MACHINE_009,6508.6,76.81,8.057,8.51,25.0,88.35,1570.2,26.66,100.0,1
2023-02-24 21:30:00,MACHINE_003,3729.6,85.3,7.758,9.13,25.0,89.28,1853.1,28.01,100.0,1
2023-02-25 00:00:00,MACHINE_006,4591.1,61.9,7.381,9.93,24.69,69.01,1785.5,25.56,90.65,1
2023-02-25 02:30:00,MACHINE_003,2959.4,59.67,6.069,7.15,19.36,70.17,1694.2,24.73,48.24,0
2023-02-25 05:00:00,MACHINE_015,5019.7,60.16,7.953,7.94,25.0,67.7,1590.4,26.9,100.0,1
2023-02-25 07:30:00,MACHINE_015,3136.6,70.22,6.485,9.45,23.73,73.68,1665.9,26.41,69.32,1
2023-02-25 10:00:00,MACHINE_012,5111.4,69.4,9.504,8.5,25.0,79.21,1727.4,28.3,100.0,1
2023-02-25 12:30:00,MACHINE_002,1062.8,54.15,4.284,8.53,13.8,60.85,1849.5,19.44,4.84,0
2023-02-25 15:00:00,MACHINE_012,4348.1,60.71,5.19,6.8,19.36,69.58,1625.3,22.56,41.44,0
2023-02-25 17:30:00,MACHINE_006,7645.9,108.63,11.281,10.23,25.0,107.07,1810.9,27.26,100.0,1
2023-02-25 20:00:00,MACHINE_020,5585.7,92.36,10.951,9.41,25.0,92.93,1753.3,28.96,100.0,1
2023-02-25 22:30:00,MACHINE_005,1004.3,45.18,2.979,7.34,11.76,56.09,1596.3,15.63,6.53,0
2023-02-26 01:00:00,MACHINE_012,3216.1,55.01,3.289,7.81,16.02,67.53,1695.7,20.55,2.96,0
2023-02-26 03:30:00,MACHINE_002,5038.2,80.57,9.234,8.46,25.0,85.56,1867.9,28.27,100.0,1
2023-02-26 06:00:00,MACHINE_012,3290.1,66.6,6.194,9.5,20.72,74.63,1879.7,24.22,58.71,0
2023-02-26 08:30:00,MACHINE_019,1532.7,72.0,5.166,9.17,19.29,80.19,1789.3,23.98,27.43,0
2023-02-26 11:00:00,MACHINE_011,5371.7,63.64,8.042,6.82,25.0,71.89,1741.6,29.8,100.0,1
2023-02-26 13:30:00,MACHINE_004,694.4,46.99,2.82,8.13,10.5,50.28,1692.5,13.9,2.32,0
2023-02-26 16:00:00,MACHINE_017,3402.4,65.22,4.263,8.82,19.35,74.32,1730.1,23.87,26.25,0
2023-02-26 18:30:00,MACHINE_009,6312.2,85.86,9.121,9.1,25.0,92.27,1977.8,28.01,100.0,1
2023-02-26 21:00:00,MACHINE_007,7972.7,86.37,11.531,7.5,25.0,87.06,1749.5,28.69,100.0,1
2023-02-26 23:30:00,MACHINE_016,2001.3,39.15,5.388,8.26,15.77,45.86,1768.8,19.87,29.35,0
2023-02-27 02:00:00,MACHINE_003,3890.3,64.75,6.067,7.94,19.67,77.02,1803.4,24.39,56.13,0
2023-02-27 04:30:00,MACHINE_015,7979.5,95.07,11.43,9.72,25.0,100.9,1684.0,28.47,100.0,1
2023-02-27 07:00:00,MACHINE_011,5508.8,83.06,10.603,8.13,25.0,91.16,1833.2,27.78,100.0,1
2023-02-27 09:30:00,MACHINE_018,4566.3,78.41,9.311,8.21,25.0,85.9,1500.4,26.49,100.0,1
2023-02-27 12:00:00,MACHINE_006,5838.6,82.9,7.182,8.55,23.23,97.67,1648.3,27.17,95.3,1
2023-02-27 14:30:00,MACHINE_006,6452.7,76.13,7.948,8.98,25.0,83.45,1717.3,25.2,87.48,1
2023-02-27 17:00:00,MACHINE_004,7888.5,93.73,11.211,8.58,25.0,105.7,1730.4,26.99,100.0,1
2023-02-27 19:30:00,MACHINE_008,6427.8,72.02,9.181,9.07,25.0,68.74,1691.2,26.15,100.0,1
2023-02-27 22:00:00,MACHINE_018,4792.1,79.11,10.271,8.36,25.0,88.93,1782.9,29.19,100.0,1
2023-02-28 00:30:00,MACHINE_018,1473.3,46.84,1.693,6.92,11.6,63.52,1909.4,19.26,10.23,0
2023-02-28 03:00:00,MACHINE_003,2819.7,59.17,3.938,9.07,17.42,72.78,1806.1,22.48,19.72,0
2023-02-28 05:30:00,MACHINE_016,4442.7,84.29,9.372,9.53,25.0,91.88,1852.2,26.34,100.0,1
2023-02-28 08:00:00,MACHINE_019,1053.1,44.24,3.116,7.44,13.92,58.33,1575.3,18.82,0.27,0
2023-02-28 10:30:00,MACHINE_003,3874.8,77.61,7.727,9.04,25.0,84.46,1721.0,28.38,97.06,1
2023-02-28 13:00:00,MACHINE_012,1462.5,49.84,4.854,6.48,15.55,59.29,1580.4,17.66,20.36,0
2023-02-28 15:30:00,MACHINE_018,5298.5,75.82,8.966,9.25,25.0,81.57,1764.0,26.15,100.0,1
2023-02-28 18:00:00,MACHINE_005,3744.6,64.12,5.275,8.34,18.78,74.87,1787.2,23.44,33.43,0
2023-02-28 20:30:00,MACHINE_002,6735.4,81.25,11.257,9.19,25.0,91.5,1884.3,26.51,100.0,1
2023-02-28 23:00:00,MACHINE_010,1734.9,57.86,3.82,8.5,17.8,65.98,1668.1,22.58,7.61,0
2023-03-01 01:30:00,MACHINE_008,3095.2,68.43,5.92,8.37,23.07,76.5,1947.9,24.86,51.25,0
2023-03-01 04:00:00,MACHINE_010,6844.5,90.4,11.483,8.86,25.0,93.92,1740.2,29.12,100.0,1
2023-03-01 06:30:00,MACHINE_018,2558.4,71.25,5.024,8.53,20.06,76.01,1792.7,23.37,36.43,0
2023-03-01 09:00:00,MACHINE_020,4501.1,64.84,8.958,7.76,25.0,74.35,1684.2,28.19,100.0,1
2023-03-01 11:30:00,MACHINE_006,4938.6,89.44,9.44,8.45,25.0,97.54,1696.5,26.33,100.0,1
2023-03-01 14:00:00,MACHINE_006,5440.5,69.07,10.09,8.1,25.0,78.62,1649.6,26.99,100.0,1
2023-03-01 16:30:00,MACHINE_020,3032.1,64.52,7.319,9.29,25.0,74.51,1663.8,26.33,79.86,1
2023-03-01 19:00:00,MACHINE_002,6689.3,91.09,8.135,8.95,25.0,90.26,1894.1,28.73,100.0,1
2023-03-01 21:30:00,MACHINE_002,7614.1,89.48,12.335,10.23,25.0,93.78,1765.3,27.16,100.0,1
2023-03-02 00:00:00,MACHINE_009,5383.5,85.15,8.323,8.9,25.0,97.4,1712.8,27.38,100.0,1
2023-03-02 02:30:00,MACHINE_014,5135.8,87.83,6.004,8.88,24.58,86.79,1936.3,27.05,76.35,1
2023-03-02 05:00:00,MACHINE_018,2672.5,67.33,7.417,7.99,23.67,82.07,1788.3,24.84,73.9,1
2023-03-02 07:30:00,MACHINE_016,2336.6,65.75,6.54,7.95,18.43,77.42,1623.0,19.51,37.81,0
2023-03-02 10:00:00,MACHINE_013,2730.8,71.68,6.491,8.42,25.0,75.81,1916.1,26.66,65.39,1
2023-03-02 12:30:00,MACHINE_002,1685.6,44.54,2.898,7.91,13.56,52.79,1806.6,20.05,15.83,0
2023-03-02 15:00:00,MACHINE_015,2030.2,57.89,3.487,8.55,14.41,71.14,1728.7,18.78,3.73,0
2023-03-02 17:30:00,MACHINE_011,6961.1,94.11,11.007,8.5,25.0,94.18,1759.5,28.33,100.0,1
2023-03-02 20:00:00,MACHINE_012,7815.3,96.71,10.736,9.72,25.0,99.3,1890.9,29.24,100.0,1
2023-03-02 22:30:00,MACHINE_012,4362.4,71.46,6.713,9.78,22.87,70.91,1848.1,25.44,64.77,1
2023-03-03 01:00:00,MACHINE_008,3998.5,58.79,5.431,8.3,19.99,66.97,1804.7,23.79,42.45,0
2023-03-03 03:30:00,MACHINE_008,1556.6,62.55,6.251,8.54,21.08,62.39,1612.2,24.67,53.48,0
2023-03-03 06:00:00,MACHINE_013,6981.2,92.98,10.952,10.12,25.0,99.57,1784.4,26.94,100.0,1
2023-03-03 08:30:00,MACHINE_006,6601.1,89.41,10.957,8.99,25.0,105.79,1884.2,29.04,100.0,1
2023-03-03 11:00:00,MACHINE_011,1923.8,68.94,6.172,8.57,22.04,72.03,1500.0,24.28,49.98,0
2023-03-03 13:30:00,MACHINE_017,4001.1,85.52,8.465,7.9,25.0,91.4,1791.4,28.06,100.0,1
2023-03-03 16:00:00,MACHINE_016,673.8,46.25,2.694,7.05,13.5,61.05,1776.6,19.01,4.1,0
2023-03-03 18:30:00,MACHINE_017,3929.2,85.23,8.025,8.96,25.0,85.28,1775.0,28.95,96.87,1
2023-03-03 21:00:00,MACHINE_019,3146.7,64.73,5.494,8.05,21.01,62.86,1875.1,24.33,47.48,0
2023-03-03 23:30:00,MACHINE_016,4981.4,65.72,8.098,9.03,25.0,73.19,1791.6,26.29,95.15,1
2023-03-04 02:00:00,MACHINE_016,2643.1,73.1,7.363,8.64,23.98,76.47,1760.8,24.01,80.25,1
2023-03-04 04:30:00,MACHINE_004,3732.0,69.81,8.278,7.69,22.06,81.13,1769.0,23.36,84.59,1
2023-03-04 07:00:00,MACHINE_012,6228.9,108.01,11.605,9.85,25.0,103.57,1765.9,27.26,100.0,1
2023-03-04 09:30:00,MACHINE_013,883.7,53.35,3.756,8.15,13.64,63.58,1554.1,15.54,6.35,0
2023-03-04 12:00:00,MACHINE_012,4649.2,79.53,8.261,7.63,25.0,80.25,1579.0,25.76,100.0,1
2023-03-04 14:30:00,MACHINE_017,3877.7,83.39,7.662,9.42,24.57,91.28,1694.0,27.27,89.77,1
2023-03-04 17:00:00,MACHINE_020,5603.0,91.94,9.044,9.47,25.0,92.29,1757.1,26.52,100.0,1
2023-03-04 19:30:00,MACHINE_004,3454.3,67.95,6.769,8.6,24.75,80.49,1653.0,27.87,65.47,1
2023-03-04 22:00:00,MACHINE_011,4683.7,80.43,9.178,7.23,25.0,83.37,1654.8,28.64,100.0,1
2023-03-05 00:30:00,MACHINE_005,1992.9,53.37,4.271,8.82,16.36,65.1,1815.5,18.73,10.11,0
2023-03-05 03:00:00,MACHINE_017,801.9,48.97,3.561,6.09,18.37,54.5,1722.7,23.81,20.87,0
2023-03-05 05:30:00,MACHINE_011,6529.7,93.08,11.953,9.1,25.0,96.38,1685.3,26.35,100.0,1
2023-03-05 08:00:00,MACHINE_005,5047.0,76.59,6.306,8.85,23.75,83.22,1710.7,30.06,74.03,1
2023-03-05 10:30:00,MACHINE_011,7485.3,79.72,10.517,8.26,25.0,79.64,1794.5,26.9,100.0,1
2023-03-05 13:00:00,MACHINE_013,7929.6,101.86,14.195,8.47,25.0,109.89,1708.0,26.36,100.0,1
2023-03-05 15:30:00,MACHINE_010,4952.9,78.74,9.224,8.07,25.0,82.95,1735.1,26.15,100.0,1
2023-03-05 18:00:00,MACHINE_017,4492.5,59.35,5.046,8.92,19.84,67.87,1662.5,21.96,36.99,0
2023-03-05 20:30:00,MACHINE_010,4061.7,77.51,8.868,8.31,25.0,79.43,1669.9,26.48,100.0,1
2023-03-05 23:00:00,MACHINE_011,5553.5,87.32,9.83,7.87,25.0,100.37,1705.8,28.9,100.0,1
2023-03-06 01:30:00,MACHINE_019,2807.6,79.58,7.473,9.22,25.0,90.68,1720.2,26.81,83.92,1
2023-03-06 04:00:00,MACHINE_001,4976.8,65.52,7.102,9.37,20.6,74.82,1885.6,24.33,75.38,1
2023-03-06 06:30:00,MACHINE_019,4832.3,76.11,9.616,9.47,25.0,86.16,1754.8,27.62,100.0,1
2023-03-06 09:00:00,MACHINE_019,4103.4,87.45,9.934,8.3,25.0,91.59,1795.4,28.02,100.0,1
2023-03-06 11:30:00,MACHINE_020,6309.5,91.15,11.657,9.22,25.0,94.08,1876.4,28.07,100.0,1
2023-03-06 14:00:00,MACHINE_008,736.8,50.75,1.869,8.12,11.87,61.65,1724.9,16.4,7.81,0
2023-03-06 16:30:00,MACHINE_004,1930.9,57.53,6.26,9.57,20.99,61.68,1568.8,21.82,44.82,0
2023-03-06 19:00:00,MACHINE_014,1635.7,70.63,5.65,8.9,18.35,75.52,1852.6,23.37,35.62,0
2023-03-06 21:30:00,MACHINE_014,4263.6,77.92,9.889,8.54,25.0,85.53,1996.0,26.21,100.0,1
2023-03-07 00:00:00,MACHINE_016,7046.1,87.24,11.309,8.36,25.0,96.8,2000.0,29.72,100.0,1
2023-03-07 02:30:00,MACHINE_002,5793.3,77.63,8.376,7.28,25.0,85.96,1604.1,28.03,100.0,1
2023-03-07 05:00:00,MACHINE_018,2937.9,59.2,5.17,9.65,20.26,68.46,1755.3,24.07,34.34,0
2023-03-07 07:30:00,MACHINE_017,3326.2,49.27,7.147,8.32,22.36,62.19,1678.9,24.94,63.91,1
2023-03-07 10:00:00,MACHINE_015,7340.9,109.91,11.405,8.47,25.0,115.21,1756.9,26.05,100.0,1
2023-03-07 12:30:00,MACHINE_012,5569.0,86.56,10.228,9.45,25.0,101.92,1706.3,29.23,100.0,1
2023-03-07 15:00:00,MACHINE_009,5075.6,81.81,6.79,8.65,24.27,86.78,1866.1,25.04,79.0,1
2023-03-07 17:30:00,MACHINE_008,2592.5,73.63,6.198,9.22,23.71,78.95,1743.3,25.04,52.57,0
2023-03-07 20:00:00,MACHINE_010,6283.8,90.3,10.422,8.83,25.0,96.23,1867.3,27.68,100.0,1
2023-03-07 22:30:00,MACHINE_016,2877.8,71.87,6.207,8.63,25.0,76.76,1787.6,26.27,60.63,1
2023-03-08 01:00:00,MACHINE_009,2658.4,69.49,4.223,8.72,18.82,77.03,1864.2,23.84,26.35,0
2023-03-08 03:30:00,MACHINE_018,3347.7,59.17,5.774,8.44,18.76,74.46,1987.3,23.99,46.7,0
2023-03-08 06:00:00,MACHINE_012,7659.6,92.37,10.647,7.52,25.0,95.84,1906.9,28.15,100.0,1
2023-03-08 08:30:00,MACHINE_010,815.5,61.81,2.817,7.81,14.91,76.83,1792.4,20.45,2.84,0
2023-03-08 11:00:00,MACHINE_003,3097.7,70.06,6.676,7.75,23.73,72.89,1749.1,25.96,79.58,1
2023-03-08 13:30:00,MACHINE_009,6105.0,82.73,7.906,8.7,25.0,90.37,1701.0,25.36,100.0,1
2023-03-08 16:00:00,MACHINE_018,2533.5,51.28,3.828,8.03,15.29,62.31,1678.2,19.53,8.12,0
2023-03-08 18:30:00,MACHINE_009,1529.5,59.23,4.522,8.73,19.14,69.18,1805.9,21.48,20.93,0
2023-03-08 21:00:00,MACHINE_019,2294.6,66.34,6.435,7.95,21.68,67.09,1798.7,26.49,54.73,0
2023-03-08 23:30:00,MACHINE_017,2192.5,69.55,5.933,8.47,21.78,75.79,1787.9,28.01,44.87,0
2023-03-09 02:00:00,MACHINE_004,3599.8,73.86,6.479,7.95,23.76,82.73,2000.0,27.6,59.86,0
2023-03-09 04:30:00,MACHINE_004,5608.9,82.75,6.773,8.73,25.0,86.99,1858.0,27.44,81.85,1
2023-03-09 07:00:00,MACHINE_018,7834.3,85.85,9.673,9.11,25.0,86.38,1668.7,27.75,100.0,1
2023-03-09 09:30:00,MACHINE_016,4080.9,60.49,3.996,8.3,17.01,65.64,1707.4,21.06,18.11,0
2023-03-09 12:00:00,MACHINE_010,2908.8,74.65,4.38,8.36,20.01,79.57,1926.4,23.88,24.24,0
2023-03-09 14:30:00,MACHINE_003,5392.2,84.05,8.526,7.35,25.0,89.82,1699.3,26.23,100.0,1
2023-03-09 17:00:00,MACHINE_002,7349.2,87.01,10.197,9.0,25.0,96.0,1848.8,29.39,100.0,1
2023-03-09 19:30:00,MACHINE_006,7504.4,81.75,10.509,8.87,25.0,82.15,1803.4,28.2,100.0,1
2023-03-09 22:00:00,MACHINE_013,6409.7,87.31,9.602,8.48,25.0,94.59,1756.9,27.26,100.0,1
2023-03-10 00:30:00,MACHINE_010,7075.6,114.25,11.815,9.03,25.0,113.76,1862.5,30.23,100.0,1
2023-03-10 03:00:00,MACHINE_019,5020.9,67.82,7.205,8.78,25.0,74.75,1881.8,28.38,87.32,1
2023-03-10 05:30:00,MACHINE_011,2634.2,63.09,4.481,9.05,19.3,78.16,1765.6,22.58,15.91,0
2023-03-10 08:00:00,MACHINE_018,4432.4,81.09,8.835,8.0,25.0,89.21,1597.7,25.76,100.0,1
2023-03-10 10:30:00,MACHINE_005,6882.9,83.73,9.314,7.52,25.0,92.55,1658.5,27.37,100.0,1
2023-03-10 13:00:00,MACHINE_007,6566.1,96.1,10.131,9.92,25.0,94.66,1856.8,29.58,100.0,1
2023-03-10 15:30:00,MACHINE_015,5362.1,68.43,8.635,8.22,25.0,72.99,1624.1,25.94,100.0,1
2023-03-10 18:00:00,MACHINE_001,6024.6,76.99,9.807,9.52,25.0,90.76,1818.0,26.38,100.0,1
2023-03-10 20:30:00,MACHINE_019,5558.0,74.74,9.593,9.92,25.0,73.39,1692.5,28.8,100.0,1
2023-03-10 23:00:00,MACHINE_020,6921.1,88.27,11.549,9.46,25.0,96.59,1744.0,28.5,100.0,1
2023-03-11 01:30:00,MACHINE_014,4364.6,71.24,8.685,8.49,25.0,71.36,1658.0,26.71,100.0,1
2023-03-11 04:00:00,MACHINE_004,1885.9,52.79,4.282,7.73,16.12,52.86,1718.6,20.45,14.84,0
2023-03-11 06:30:00,MACHINE_011,7518.7,92.82,10.012,9.85,25.0,93.04,1782.2,27.04,100.0,1
2023-03-11 09:00:00,MACHINE_013,2266.4,66.15,3.428,8.07,16.24,76.44,1866.8,20.59,6.8,0
2023-03-11 11:30:00,MACHINE_011,2764.6,60.19,4.353,8.12,18.82,66.79,1791.1,21.03,18.43,0
2023-03-11 14:00:00,MACHINE_001,2461.6,60.14,7.118,8.17,19.89,60.27,1752.9,24.41,65.81,1
2023-03-11 16:30:00,MACHINE_008,965.9,56.29,5.156,7.89,20.08,55.46,1653.3,21.16,29.02,0
2023-03-11 19:00:00,MACHINE_010,1697.9,58.43,4.581,8.41,16.49,67.41,1604.5,22.02,15.26,0
2023-03-11 21:30:00,MACHINE_010,5677.2,76.42,10.639,7.7,25.0,80.57,1733.1,27.93,100.0,1
2023-03-12 00:00:00,MACHINE_010,3256.6,90.04,5.658,9.42,23.51,90.31,1712.5,25.1,69.71,1
2023-03-12 02:30:00,MACHINE_005,4086.4,79.39,7.969,9.82,25.0,80.73,1564.7,25.73,94.34,1
2023-03-12 05:00:00,MACHINE_020,3302.2,68.57,6.614,7.42,24.53,78.07,1807.7,25.17,69.74,1
2023-03-12 07:30:00,MACHINE_016,6180.1,73.04,8.283,9.06,25.0,79.86,1767.7,25.75,100.0,1
2023-03-12 10:00:00,MACHINE_007,6213.9,81.87,10.928,8.37,25.0,86.94,1841.0,27.1,100.0,1
2023-03-12 12:30:00,MACHINE_020,7048.5,84.9,8.046,8.39,25.0,86.1,1634.7,28.03,100.0,1
2023-03-12 15:00:00,MACHINE_015,4461.3,72.47,8.35,9.39,25.0,75.19,1596.4,25.91,95.55,1
2023-03-12 17:30:00,MACHINE_019,1341.6,57.82,3.737,8.9,15.19,68.68,1882.4,21.21,4.1,0
2023-03-12 20:00:00,MACHINE_017,2016.2,55.29,3.611,7.62,14.7,65.9,1716.3,17.99,14.89,0
2023-03-12 22:30:00,MACHINE_006,2960.9,68.6,4.522,8.19,19.31,80.68,1639.1,23.85,32.34,0
2023-03-13 01:00:00,MACHINE_004,5602.2,74.78,8.2,7.83,25.0,83.04,1808.6,29.1,96.07,1
2023-03-13 03:30:00,MACHINE_016,1182.1,38.69,2.28,8.24,10.96,47.3,1763.2,18.85,5.45,0
2023-03-13 06:00:00,MACHINE_002,3900.7,67.67,6.152,8.39,24.74,74.1,1751.9,26.73,68.95,1
2023-03-13 08:30:00,MACHINE_015,4729.3,92.76,10.126,9.05,25.0,90.76,1841.6,28.12,100.0,1
2023-03-13 11:00:00,MACHINE_010,5924.6,75.82,8.382,8.35,25.0,79.75,1961.3,29.07,97.12,1
2023-03-13 13:30:00,MACHINE_001,6093.5,81.88,8.724,7.03,25.0,90.33,1780.0,27.85,100.0,1
2023-03-13 16:00:00,MACHINE_002,3677.7,65.47,7.414,7.65,20.71,73.84,1724.8,24.32,77.3,1
2023-03-13 18:30:00,MACHINE_018,7955.9,98.87,12.603,10.05,25.0,108.74,1849.7,26.51,100.0,1
2023-03-13 21:00:00,MACHINE_003,7896.0,86.36,10.321,9.47,25.0,88.66,1714.3,28.66,100.0,1
2023-03-13 23:30:00,MACHINE_010,3566.5,67.54,6.386,9.56,21.61,81.03,1798.3,25.0,72.2,1
2023-03-14 02:00:00,MACHINE_014,3308.5,58.41,5.091,7.38,20.33,75.08,1900.5,26.22,35.95,0
2023-03-14 04:30:00,MACHINE_015,7022.2,84.91,8.395,10.47,25.0,92.78,1928.3,27.22,100.0,1
2023-03-14 07:00:00,MACHINE_013,1101.9,54.04,4.414,8.23,14.77,67.0,1855.5,20.32,13.39,0
2023-03-14 09:30:00,MACHINE_018,1497.4,48.54,3.379,7.68,15.25,60.82,1808.7,21.78,8.44,0
2023-03-14 12:00:00,MACHINE_004,1838.6,62.02,3.666,8.43,15.74,68.72,1717.1,19.21,0.0,0
2023-03-14 14:30:00,MACHINE_017,1455.1,51.62,3.895,7.16,15.6,70.42,1831.5,22.83,7.53,0
2023-03-14 17:00:00,MACHINE_001,6171.3,93.72,9.765,8.49,25.0,106.54,1909.8,27.64,100.0,1
2023-03-14 19:30:00,MACHINE_015,5551.2,73.4,8.833,9.53,25.0,81.4,1749.0,27.63,100.0,1
2023-03-14 22:00:00,MACHINE_018,3344.6,66.24,6.127,8.33,23.49,71.77,1774.7,24.97,57.03,0
2023-03-15 00:30:00,MACHINE_015,3096.2,74.44,6.876,9.18,25.0,81.54,1778.9,27.03,59.67,0
2023-03-15 03:00:00,MACHINE_004,741.6,52.1,2.839,8.56,13.3,61.0,1579.3,16.74,4.61,0
2023-03-15 05:30:00,MACHINE_020,6245.4,98.95,11.042,9.36,25.0,104.36,1809.9,26.91,100.0,1
2023-03-15 08:00:00,MACHINE_001,2305.0,63.51,5.668,7.83,21.81,72.66,1641.8,24.16,46.72,0
2023-03-15 10:30:00,MACHINE_020,751.8,60.56,3.335,6.13,17.72,71.31,1534.4,20.23,15.53,0
2023-03-15 13:00:00,MACHINE_002,2335.5,75.09,7.509,8.52,25.0,76.31,1869.3,27.05,75.62,1
2023-03-15 15:30:00,MACHINE_015,2257.5,70.81,5.889,9.69,21.18,74.38,1687.6,24.33,40.06,0
2023-03-15 18:00:00,MACHINE_002,1551.0,53.74,2.196,8.83,13.54,61.6,1896.0,22.64,4.88,0
2023-03-15 20:30:00,MACHINE_008,6618.4,80.26,13.098,7.7,25.0,88.82,1874.6,28.55,100.0,1
2023-03-15 23:00:00,MACHINE_011,4831.1,67.7,6.965,7.73,23.98,75.58,1591.1,27.45,74.45,1
2023-03-16 01:30:00,MACHINE_011,2276.8,50.86,3.94,8.28,12.95,64.0,1646.9,20.0,9.45,0
2023-03-16 04:00:00,MACHINE_017,2157.8,57.85,3.803,8.27,17.16,63.52,1729.6,21.59,7.78,0
2023-03-16 06:30:00,MACHINE_002,4675.4,72.19,5.177,9.39,21.4,77.23,1963.7,25.97,39.3,0
2023-03-16 09:00:00,MACHINE_006,5194.9,85.61,9.724,9.17,25.0,91.45,1743.3,28.13,100.0,1
2023-03-16 11:30:00,MACHINE_016,851.6,50.37,5.213,7.6,17.14,55.89,1616.6,18.29,23.87,0
2023-03-16 14:00:00,MACHINE_013,6393.5,85.86,10.005,8.75,25.0,92.31,1741.9,26.77,100.0,1
2023-03-16 16:30:00,MACHINE_014,3561.9,74.19,8.814,8.15,25.0,79.46,1649.7,27.02,95.56,1
2023-03-16 19:00:00,MACHINE_006,6158.1,67.8,8.709,8.23,25.0,74.32,1652.9,26.96,100.0,1
2023-03-16 21:30:00,MACHINE_008,2755.5,76.9,5.2,8.54,20.07,86.69,1723.7,23.05,40.68,0
2023-03-17 00:00:00,MACHINE_015,7360.6,90.24,11.731,8.16,25.0,95.98,1717.2,28.09,100.0,1
2023-03-17 02:30:00,MACHINE_014,4679.7,77.04,6.176,10.21,23.36,81.47,1706.6,26.42,56.91,0
2023-03-17 05:00:00,MACHINE_008,2412.5,66.75,5.249,8.54,21.4,68.28,1688.3,25.04,49.26,0
2023-03-17 07:30:00,MACHINE_003,7416.7,89.08,11.752,8.83,25.0,92.21,1772.1,25.66,100.0,1
2023-03-17 10:00:00,MACHINE_003,4517.3,76.96,8.176,8.47,25.0,95.55,1729.6,28.01,95.72,1
2023-03-17 12:30:00,MACHINE_002,2513.5,65.92,5.383,8.17,23.23,78.2,1763.1,23.48,42.94,0
2023-03-17 15:00:00,MACHINE_020,796.6,77.67,5.315,9.59,24.13,79.99,1693.7,23.65,44.29,0
2023-03-17 17:30:00,MACHINE_019,5932.3,74.96,8.981,7.66,25.0,81.83,1766.1,26.24,100.0,1
2023-03-17 20:00:00,MACHINE_016,2066.7,55.61,2.424,8.22,13.23,68.11,1886.7,19.08,5.6,0
2023-03-17 22:30:00,MACHINE_010,7677.6,82.02,11.559,8.94,25.0,77.0,1909.2,26.82,100.0,1
2023-03-18 01:00:00,MACHINE_007,7715.6,95.09,10.352,7.83,25.0,97.78,1688.2,30.7,100.0,1
2023-03-18 03:30:00,MACHINE_016,7358.3,81.86,9.669,8.98,25.0,91.21,1667.8,25.43,100.0,1
2023-03-18 06:00:00,MACHINE_007,3474.7,49.04,4.153,7.95,14.8,58.71,1867.8,20.04,3.75,0
2023-03-18 08:30:00,MACHINE_011,6316.4,79.25,8.696,8.22,25.0,81.89,1711.7,26.55,100.0,1
2023-03-18 11:00:00,MACHINE_018,5365.4,82.18,7.955,9.81,25.0,80.94,1820.3,26.87,100.0,1
2023-03-18 13:30:00,MACHINE_012,4346.1,52.25,7.318,8.79,20.26,56.04,1929.0,23.96,69.17,1
2023-03-18 16:00:00,MACHINE_004,6521.1,65.42,7.874,8.31,25.0,70.5,1600.1,27.29,100.0,1
2023-03-18 18:30:00,MACHINE_011,7357.5,76.14,11.125,8.71,25.0,80.71,1508.1,26.11,100.0,1
2023-03-18 21:00:00,MACHINE_014,842.9,46.27,2.303,8.0,8.0,63.72,1655.9,14.89,2.1,0
2023-03-18 23:30:00,MACHINE_005,621.6,63.99,4.719,8.28,17.57,74.1,1564.2,21.78,12.29,0
2023-03-19 02:00:00,MACHINE_019,4843.6,87.16,9.346,9.4,25.0,86.15,1687.9,28.0,100.0,1
2023-03-19 04:30:00,MACHINE_005,1971.4,70.74,6.229,7.81,21.66,74.91,1510.9,25.81,54.87,0
2023-03-19 07:00:00,MACHINE_019,6750.2,97.42,9.46,10.07,25.0,97.6,1864.5,28.07,100.0,1
2023-03-19 09:30:00,MACHINE_011,2430.0,67.2,6.73,8.04,25.0,72.31,1597.3,26.9,68.36,1
2023-03-19 12:00:00,MACHINE_016,3956.2,64.95,7.514,8.91,25.0,74.01,1824.4,27.34,94.85,1
2023-03-19 14:30:00,MACHINE_012,1769.5,52.08,6.441,8.27,18.67,66.65,1764.1,23.84,55.38,0
2023-03-19 17:00:00,MACHINE_016,1880.4,62.82,4.253,9.22,17.82,76.06,1555.1,21.68,11.9,0
2023-03-19 19:30:00,MACHINE_002,4429.6,88.41,9.738,9.1,25.0,93.77,1930.3,30.79,100.0,1
2023-03-19 22:00:00,MACHINE_003,7588.9,105.23,11.943,8.58,25.0,111.65,1718.1,27.99,100.0,1
2023-03-20 00:30:00,MACHINE_001,3592.9,60.48,6.516,9.09,22.29,74.86,1646.1,25.51,57.23,0
2023-03-20 03:00:00,MACHINE_008,1009.8,45.25,2.03,7.37,10.16,50.0,1817.1,16.32,0.0,0
2023-03-20 05:30:00,MACHINE_007,4293.0,83.14,7.416,8.76,25.0,87.92,1870.7,28.68,84.28,1
2023-03-20 08:00:00,MACHINE_020,5283.0,97.73,10.64,8.96,25.0,106.93,1805.1,30.77,100.0,1
2023-03-20 10:30:00,MACHINE_016,5444.6,76.65,8.738,9.55,25.0,71.94,1718.3,25.38,100.0,1
2023-03-20 13:00:00,MACHINE_018,4637.3,79.43,7.243,7.6,25.0,82.91,1568.6,27.58,88.41,1
2023-03-20 15:30:00,MACHINE_017,5916.4,90.44,11.628,10.71,25.0,95.9,1758.5,27.54,100.0,1
2023-03-20 18:00:00,MACHINE_010,628.6,41.12,1.124,9.15,10.14,52.42,1854.4,17.28,9.39,0
2023-03-20 20:30:00,MACHINE_014,6546.3,86.16,11.428,10.98,25.0,95.57,1877.8,27.7,100.0,1
2023-03-20 23:00:00,MACHINE_004,7385.4,91.7,10.933,8.3,25.0,99.21,1702.2,27.95,100.0,1
2023-03-21 01:30:00,MACHINE_008,1939.5,61.79,5.454,9.79,18.93,65.61,1692.2,21.05,42.17,0
2023-03-21 04:00:00,MACHINE_012,2504.9,76.91,7.046,9.68,25.0,81.6,1746.2,27.11,65.46,1
2023-03-21 06:30:00,MACHINE_012,7694.7,94.15,11.64,9.61,25.0,97.69,1691.0,27.29,100.0,1
2023-03-21 09:00:00,MACHINE_008,7926.7,83.04,10.938,9.0,25.0,83.98,1789.0,26.33,100.0,1
2023-03-21 11:30:00,MACHINE_003,5403.0,71.34,9.363,10.47,25.0,83.04,1722.7,28.61,100.0,1
2023-03-21 14:00:00,MACHINE_002,1201.3,60.34,3.238,8.23,13.91,69.11,1666.9,19.43,1.88,0
2023-03-21 16:30:00,MACHINE_018,4070.0,70.88,7.334,7.98,25.0,83.39,1667.8,28.5,89.71,1
2023-03-21 19:00:00,MACHINE_006,1120.1,48.48,1.408,8.42,9.36,66.13,1757.9,14.84,0.0,0
2023-03-21 21:30:00,MACHINE_011,4743.9,85.18,8.221,8.88,25.0,92.57,1759.1,27.53,100.0,1
2023-03-22 00:00:00,MACHINE_004,7210.9,94.36,11.121,9.07,25.0,98.54,1793.1,29.99,100.0,1
2023-03-22 02:30:00,MACHINE_008,2085.6,54.17,3.27,8.86,15.35,65.45,1671.5,19.98,0.0,0
2023-03-22 05:00:00,MACHINE_019,4066.3,73.13,8.405,7.63,25.0,79.68,1677.4,28.5,97.5,1
2023-03-22 07:30:00,MACHINE_003,5633.2,79.06,9.469,8.03,25.0,81.53,1614.6,27.23,100.0,1
2023-03-22 10:00:00,MACHINE_018,4726.3,74.11,6.436,9.92,25.0,78.6,1753.9,25.44,80.49,1
2023-03-22 12:30:00,MACHINE_011,617.4,52.36,2.273,8.59,14.19,57.6,1885.6,21.37,0.0,0
2023-03-22 15:00:00,MACHINE_005,6141.9,77.35,10.276,6.54,25.0,81.15,1669.1,26.74,100.0,1
2023-03-22 17:30:00,MACHINE_013,7466.6,85.71,9.453,10.69,25.0,85.42,1958.0,28.06,100.0,1
2023-03-22 20:00:00,MACHINE_019,2303.5,61.61,4.345,9.21,18.03,70.93,1639.7,20.65,9.94,0
2023-03-22 22:30:00,MACHINE_013,5577.8,80.29,7.581,8.55,25.0,89.99,1753.7,27.41,100.0,1
2023-03-23 01:00:00,MACHINE_013,6167.1,88.0,9.718,7.76,25.0,91.89,1678.0,27.49,100.0,1
2023-03-23 03:30:00,MACHINE_003,4255.9,71.29,4.333,8.42,20.59,80.66,1759.6,23.33,30.74,0
2023-03-23 06:00:00,MACHINE_002,1232.6,54.37,2.638,9.35,14.83,57.94,1822.9,20.88,6.91,0
2023-03-23 08:30:00,MACHINE_003,3054.4,51.39,5.916,7.78,19.05,70.32,1771.8,22.69,34.98,0
2023-03-23 11:00:00,MACHINE_020,3475.3,80.84,6.052,7.97,23.38,93.48,1822.7,26.46,64.05,1
2023-03-23 13:30:00,MACHINE_001,5255.9,73.12,8.319,8.69,25.0,85.21,1809.2,27.36,100.0,1
2023-03-23 16:00:00,MACHINE_015,4179.5,71.68,6.004,8.28,22.66,79.45,1733.3,24.21,58.21,0
2023-03-23 18:30:00,MACHINE_013,3738.9,71.06,7.176,9.33,25.0,77.62,1710.9,26.06,82.35,1
2023-03-23 21:00:00,MACHINE_013,1142.7,68.53,4.614,8.35,21.52,78.01,1796.7,23.7,29.08,0
2023-03-23 23:30:00,MACHINE_008,5848.3,73.49,7.219,8.36,24.33,74.96,1609.1,27.44,90.13,1
2023-03-24 02:00:00,MACHINE_005,3350.0,50.79,6.025,7.58,21.01,61.8,1740.4,24.24,58.5,0
2023-03-24 04:30:00,MACHINE_005,6047.4,71.85,9.293,9.49,25.0,83.46,1722.9,28.51,100.0,1
2023-03-24 07:00:00,MACHINE_004,1186.4,66.88,4.862,8.21,21.55,76.75,1608.8,23.59,32.68,0
2023-03-24 09:30:00,MACHINE_015,3199.4,79.35,7.48,9.8,24.49,81.5,1753.1,27.0,82.9,1
2023-03-24 12:00:00,MACHINE_005,1154.7,61.93,3.866,8.54,16.86,65.83,1745.4,21.2,6.36,0
2023-03-24 14:30:00,MACHINE_018,4660.6,75.41,8.054,8.33,25.0,77.13,1680.4,30.49,89.59,1
2023-03-24 17:00:00,MACHINE_001,1172.1,44.03,3.666,6.44,13.73,60.01,1560.3,15.72,0.0,0
2023-03-24 19:30:00,MACHINE_020,4985.3,84.82,10.385,8.43,25.0,92.53,1933.4,28.12,100.0,1
2023-03-24 22:00:00,MACHINE_013,592.6,45.54,2.022,7.92,10.72,56.89,1871.9,17.2,7.27,0
2023-03-25 00:30:00,MACHINE_003,5936.3,85.3,9.789,9.58,25.0,97.31,1633.7,26.3,100.0,1
2023-03-25 03:00:00,MACHINE_008,4789.7,79.71,9.961,8.73,25.0,84.69,1836.1,25.6,100.0,1
2023-03-25 05:30:00,MACHINE_013,1771.3,45.25,2.497,7.4,13.13,52.17,1605.5,18.93,0.0,0
2023-03-25 08:00:00,MACHINE_009,4198.4,75.5,6.685,8.38,25.0,78.83,1887.3,28.09,74.41,1
2023-03-25 10:30:00,MACHINE_014,2569.7,59.78,5.366,8.74,19.49,59.93,1793.9,24.02,33.78,0
2023-03-25 13:00:00,MACHINE_003,3208.4,55.84,6.987,8.71,21.99,64.8,1678.0,26.45,69.1,1
2023-03-25 15:30:00,MACHINE_016,4953.5,71.9,8.45,7.96,25.0,79.38,1698.5,26.49,88.52,1
2023-03-25 18:00:00,MACHINE_004,1516.2,44.8,1.476,8.22,9.32,44.76,1722.3,16.21,7.19,0
2023-03-25 20:30:00,MACHINE_013,2991.6,49.24,4.317,7.09,17.45,61.32,1638.0,20.36,16.32,0
2023-03-25 23:00:00,MACHINE_011,3801.7,50.58,5.536,8.0,20.18,55.0,1684.1,21.74,39.78,0
2023-03-26 01:30:00,MACHINE_020,1520.9,47.46,4.524,7.6,16.46,53.21,1611.1,20.2,18.33,0
2023-03-26 04:00:00,MACHINE_007,4092.6,61.38,7.279,7.74,22.95,67.17,1674.4,25.63,75.8,1
2023-03-26 06:30:00,MACHINE_013,7765.4,93.35,8.806,7.53,25.0,98.89,1645.6,26.69,100.0,1
2023-03-26 09:00:00,MACHINE_016,7758.2,98.27,9.673,8.38,25.0,107.27,2000.0,28.48,100.0,1
2023-03-26 11:30:00,MACHINE_011,3320.4,71.3,8.281,8.68,25.0,83.86,1826.0,26.65,96.08,1
2023-03-26 14:00:00,MACHINE_013,3237.6,76.08,8.493,8.63,25.0,90.17,1637.6,27.46,90.35,1
2023-03-26 16:30:00,MACHINE_007,4941.7,86.05,8.808,9.88,25.0,88.02,1926.1,30.24,100.0,1
2023-03-26 19:00:00,MACHINE_018,701.9,46.66,2.342,8.26,10.74,62.77,1765.7,13.64,3.8,0
2023-03-26 21:30:00,MACHINE_007,3788.4,67.27,6.551,8.23,24.24,75.43,1778.9,26.66,67.9,1
2023-03-27 00:00:00,MACHINE_003,6642.2,86.2,9.302,9.33,25.0,98.95,1898.1,27.42,100.0,1
2023-03-27 02:30:00,MACHINE_014,5547.3,71.64,9.046,8.19,25.0,75.36,1500.0,24.15,100.0,1
2023-03-27 05:00:00,MACHINE_010,2315.2,62.96,4.824,7.18,17.76,73.0,1787.8,22.24,30.6,0
2023-03-27 07:30:00,MACHINE_014,6418.1,88.3,9.409,8.68,25.0,88.68,1870.8,28.93,100.0,1
2023-03-27 10:00:00,MACHINE_020,4094.3,69.35,8.65,8.41,25.0,74.99,1824.8,29.64,100.0,1
2023-03-27 12:30:00,MACHINE_017,7426.2,92.27,12.885,8.87,25.0,107.0,1716.4,27.52,100.0,1
2023-03-27 15:00:00,MACHINE_014,4577.3,69.32,6.144,8.76,19.8,78.06,1785.8,23.46,47.78,0
2023-03-27 17:30:00,MACHINE_012,5762.3,95.22,10.622,10.18,25.0,100.05,1816.4,27.57,100.0,1
2023-03-27 20:00:00,MACHINE_020,5286.4,91.51,9.097,7.49,25.0,90.53,1675.0,25.01,100.0,1
2023-03-27 22:30:00,MACHINE_008,5432.0,68.03,7.876,9.27,25.0,73.22,1601.2,25.78,95.37,1
2023-03-28 01:00:00,MACHINE_020,832.2,47.15,3.085,8.7,14.79,57.02,1979.7,21.91,2.49,0
2023-03-28 03:30:00,MACHINE_013,7751.1,101.72,15.253,8.0,25.0,96.65,1765.2,28.01,100.0,1
2023-03-28 06:00:00,MACHINE_014,1294.6,50.86,1.027,8.52,11.92,53.45,1800.5,16.06,6.17,0
2023-03-28 08:30:00,MACHINE_008,4330.1,69.85,6.322,7.96,22.33,77.84,1614.0,24.34,62.27,1
2023-03-28 11:00:00,MACHINE_019,5657.5,70.94,10.377,7.91,25.0,71.77,1924.0,29.03,100.0,1
2023-03-28 13:30:00,MACHINE_012,3433.5,78.12,7.632,8.93,25.0,84.49,1798.3,27.09,94.67,1
2023-03-28 16:00:00,MACHINE_019,5678.3,69.56,9.953,8.48,25.0,75.24,1692.5,28.25,100.0,1
2023-03-28 18:30:00,MACHINE_001,4120.8,65.83,5.623,7.49,20.65,71.96,1806.1,24.81,44.67,0
2023-03-28 21:00:00,MACHINE_003,1370.5,60.29,4.543,9.14,19.22,72.3,1679.2,22.03,17.96,0
2023-03-28 23:30:00,MACHINE_005,3112.5,63.84,6.201,9.03,21.78,69.52,1781.0,24.62,51.28,0
2023-03-29 02:00:00,MACHINE_007,4408.4,58.3,5.405,8.74,18.45,63.77,1807.4,23.5,35.8,0
2023-03-29 04:30:00,MACHINE_004,3786.2,79.1,9.068,7.83,25.0,90.45,1728.0,24.73,100.0,1
2023-03-29 07:00:00,MACHINE_011,1003.8,52.83,2.076,7.93,12.15,60.86,1715.5,18.98,10.16,0
2023-03-29 09:30:00,MACHINE_004,669.4,65.8,4.77,6.93,19.95,74.4,1716.4,25.64,27.77,0
2023-03-29 12:00:00,MACHINE_004,5578.5,85.18,10.767,9.12,25.0,85.59,1888.0,27.22,100.0,1
2023-03-29 14:30:00,MACHINE_008,4370.0,64.34,8.903,9.82,25.0,72.45,1714.3,28.06,100.0,1
2023-03-29 17:00:00,MACHINE_011,4698.9,82.49,9.03,11.15,25.0,87.44,1769.7,25.72,100.0,1
2023-03-29 19:30:00,MACHINE_008,6483.2,76.35,8.156,7.92,25.0,82.18,1726.5,28.46,97.96,1
2023-03-29 22:00:00,MACHINE_006,5303.6,76.34,8.915,7.13,25.0,82.76,1777.9,30.12,100.0,1
2023-03-30 00:30:00,MACHINE_001,6030.4,89.88,9.957,9.17,25.0,92.17,1810.8,30.37,100.0,1
2023-03-30 03:00:00,MACHINE_015,4941.5,91.2,8.831,8.93,25.0,88.15,1647.8,25.67,100.0,1
2023-03-30 05:30:00,MACHINE_007,2043.4,68.41,5.971,9.2,21.77,81.32,1770.9,25.25,47.91,0
2023-03-30 08:00:00,MACHINE_003,4830.1,82.09,8.177,9.57,25.0,87.32,1846.2,27.87,98.58,1
2023-03-30 10:30:00,MACHINE_018,1902.2,67.79,4.703,8.37,21.5,77.51,1910.7,25.34,35.4,0
2023-03-30 13:00:00,MACHINE_015,1354.7,48.6,2.233,6.3,14.35,56.3,1699.4,18.17,7.54,0
2023-03-30 15:30:00,MACHINE_016,4457.9,70.71,5.835,8.94,19.91,76.16,1554.1,21.0,51.61,0
2023-03-30 18:00:00,MACHINE_020,3414.8,50.99,3.135,8.23,13.16,64.26,1933.9,18.5,13.03,0
2023-03-30 20:30:00,MACHINE_004,3109.4,73.2,6.01,7.43,22.73,82.48,1691.1,26.04,51.19,0
2023-03-30 23:00:00,MACHINE_020,1794.0,49.23,3.802,8.5,13.3,62.27,1579.0,17.18,4.09,0
2023-03-31 01:30:00,MACHINE_010,7390.1,84.55,9.935,10.33,25.0,98.09,1836.4,28.04,100.0,1
2023-03-31 04:00:00,MACHINE_005,2848.9,87.43,6.655,7.99,24.85,89.97,1573.3,26.53,84.13,1
2023-03-31 06:30:00,MACHINE_004,1872.8,61.13,4.455,7.92,19.34,68.03,1929.0,26.47,22.41,0
2023-03-31 09:00:00,MACHINE_017,3413.5,68.17,7.71,9.42,24.26,74.36,1642.1,26.89,87.74,1
2023-03-31 11:30:00,MACHINE_019,3377.8,56.2,4.815,7.24,16.69,62.6,1657.5,20.45,17.61,0
2023-03-31 14:00:00,MACHINE_018,5700.7,82.5,9.247,8.22,25.0,89.99,1668.8,25.32,100.0,1
2023-03-31 16:30:00,MACHINE_006,4661.8,69.57,7.316,9.37,25.0,72.41,1818.5,26.99,81.03,1
2023-03-31 19:00:00,MACHINE_005,1903.2,53.63,2.793,8.24,11.44,68.01,1756.3,17.87,3.38,0
2023-03-31 21:30:00,MACHINE_020,902.1,51.23,3.604,7.3,14.41,55.58,1642.9,16.49,9.4,0
2023-04-01 00:00:00,MACHINE_001,4134.6,65.39,8.17,9.36,24.19,66.87,2000.0,30.24,93.18,1
2023-04-01 02:30:00,MACHINE_013,7728.7,93.12,10.966,9.36,25.0,92.66,1641.0,26.98,100.0,1
2023-04-01 05:00:00,MACHINE_016,3568.5,67.7,5.32,7.92,22.02,75.96,1743.4,26.28,46.94,0
2023-04-01 07:30:00,MACHINE_015,4165.2,84.1,7.965,8.5,25.0,84.94,1852.6,29.57,100.0,1
2023-04-01 10:00:00,MACHINE_001,6469.1,68.45,9.912,7.09,25.0,72.09,1798.0,26.14,100.0,1
2023-04-01 12:30:00,MACHINE_002,2561.4,50.08,3.514,7.42,12.06,59.75,1915.1,21.82,8.17,0
2023-04-01 15:00:00,MACHINE_006,6355.6,93.13,11.087,9.41,25.0,99.95,1828.0,27.2,100.0,1
2023-04-01 17:30:00,MACHINE_016,4622.9,73.51,8.838,7.8,25.0,82.52,1858.4,29.66,100.0,1
2023-04-01 20:00:00,MACHINE_004,2509.2,65.32,6.887,9.75,20.61,69.6,1912.0,24.69,58.7,0
2023-04-01 22:30:00,MACHINE_012,4565.3,62.8,6.157,7.33,24.87,73.29,1726.9,27.99,70.6,1
2023-04-02 01:00:00,MACHINE_015,4597.6,82.1,9.909,8.31,25.0,95.76,1699.4,27.24,100.0,1
2023-04-02 03:30:00,MACHINE_004,6019.9,88.43,8.018,9.5,25.0,98.04,1853.7,29.95,100.0,1
2023-04-02 06:00:00,MACHINE_008,2732.8,75.45,8.498,8.92,25.0,90.05,1837.6,27.57,97.72,1
2023-04-02 08:30:00,MACHINE_015,2471.1,62.02,4.33,9.47,18.05,79.84,1612.9,20.94,18.64,0
2023-04-02 11:00:00,MACHINE_003,3793.0,79.39,8.314,9.01,25.0,87.53,1798.4,26.11,95.89,1
2023-04-02 13:30:00,MACHINE_008,2074.1,64.52,4.142,9.77,19.78,70.04,1688.2,20.53,13.99,0
2023-04-02 16:00:00,MACHINE_012,6957.9,93.36,10.734,9.39,25.0,102.42,1718.2,27.36,100.0,1
2023-04-02 18:30:00,MACHINE_014,1744.9,47.32,2.135,8.95,12.15,56.09,1797.4,18.27,0.0,0
2023-04-02 21:00:00,MACHINE_007,6601.5,82.41,9.953,10.38,25.0,96.51,1853.3,27.16,100.0,1
2023-04-02 23:30:00,MACHINE_019,3131.1,67.96,5.215,8.24,20.25,78.17,1542.8,24.35,33.44,0
2023-04-03 02:00:00,MACHINE_018,1762.8,46.55,4.875,8.74,18.81,63.03,1966.8,24.61,25.24,0
2023-04-03 04:30:00,MACHINE_010,2670.0,66.38,7.382,7.9,23.7,70.84,1533.5,25.61,66.7,1
2023-04-03 07:00:00,MACHINE_017,7891.2,92.23,12.787,8.62,25.0,95.29,1877.4,28.95,100.0,1
2023-04-03 09:30:00,MACHINE_004,1516.9,80.7,6.362,8.08,22.5,89.11,1734.9,25.68,56.91,0
2023-04-03 12:00:00,MACHINE_014,7390.8,94.56,11.164,7.49,25.0,97.84,1771.2,26.43,100.0,1
2023-04-03 14:30:00,MACHINE_005,5760.7,91.62,9.134,9.84,25.0,98.9,1746.2,26.47,100.0,1
2023-04-03 17:00:00,MACHINE_005,5835.5,76.81,7.95,8.33,25.0,91.0,1559.2,26.57,100.0,1
2023-04-03 19:30:00,MACHINE_013,4170.9,73.24,9.093,8.59,25.0,82.95,1767.7,27.12,100.0,1
2023-04-03 22:00:00,MACHINE_009,5208.6,71.52,7.321,8.19,25.0,67.91,1789.4,27.74,77.04,1
2023-04-04 00:30:00,MACHINE_003,5252.2,80.12,9.446,9.25,25.0,94.64,1697.2,28.06,100.0,1
2023-04-04 03:00:00,MACHINE_003,3521.4,60.41,6.699,8.1,19.38,74.59,1670.6,21.86,57.8,0
2023-04-04 05:30:00,MACHINE_012,3910.2,72.51,7.211,9.07,23.17,77.38,1755.9,28.44,75.67,1
2023-04-04 08:00:00,MACHINE_019,518.5,61.15,4.019,8.04,16.86,71.51,1807.1,23.33,7.37,0
2023-04-04 10:30:00,MACHINE_003,5982.0,91.72,9.271,8.66,25.0,97.93,1723.2,28.24,100.0,1
2023-04-04 13:00:00,MACHINE_012,6875.8,86.63,11.38,7.24,25.0,94.83,1528.3,26.58,100.0,1
2023-04-04 15:30:00,MACHINE_013,2133.7,59.78,6.113,9.0,21.68,68.66,1755.5,27.16,44.05,0
2023-04-04 18:00:00,MACHINE_007,4210.4,72.99,7.602,9.29,24.76,73.17,1787.6,27.85,93.63,1
2023-04-04 20:30:00,MACHINE_010,3033.2,54.33,6.408,10.19,20.5,59.91,1749.2,24.14,59.04,0
2023-04-04 23:00:00,MACHINE_019,6893.2,81.21,11.935,7.9,25.0,93.94,1516.6,26.09,100.0,1
2023-04-05 01:30:00,MACHINE_002,844.6,53.38,2.131,8.24,12.3,63.87,1817.0,17.07,10.97,0
2023-04-05 04:00:00,MACHINE_015,622.1,54.41,4.294,7.8,18.78,66.59,1769.7,21.81,8.85,0
2023-04-05 06:30:00,MACHINE_006,3809.6,75.58,6.963,8.01,24.14,79.66,1683.3,26.38,74.23,1
2023-04-05 09:00:00,MACHINE_014,2017.4,43.19,1.554,8.36,8.72,57.8,1850.0,16.65,15.15,0
2023-04-05 11:30:00,MACHINE_005,7116.1,86.84,11.514,8.43,25.0,96.89,1755.8,27.99,100.0,1
2023-04-05 14:00:00,MACHINE_009,1200.0,54.14,2.994,9.0,14.33,61.98,1682.5,17.1,4.78,0
2023-04-05 16:30:00,MACHINE_003,3288.8,74.63,6.79,9.82,23.58,82.56,1775.7,26.46,72.72,1
2023-04-05 19:00:00,MACHINE_006,888.4,46.99,4.558,9.74,16.29,61.25,1675.1,21.89,18.86,0
2023-04-05 21:30:00,MACHINE_008,3719.2,76.61,7.511,6.35,25.0,77.54,1615.1,26.97,82.13,1
2023-04-06 00:00:00,MACHINE_004,508.1,44.49,1.163,7.55,10.9,51.73,1685.4,16.05,3.22,0
2023-04-06 02:30:00,MACHINE_005,4952.6,79.77,4.989,9.59,23.9,83.46,1680.5,25.78,46.44,0
2023-04-06 05:00:00,MACHINE_015,569.7,53.94,1.008,7.4,12.52,61.81,1858.3,19.11,0.0,0
2023-04-06 07:30:00,MACHINE_004,7911.2,97.4,12.097,8.73,25.0,103.29,1831.3,29.32,100.0,1
2023-04-06 10:00:00,MACHINE_005,4082.8,59.12,5.594,10.74,21.19,71.81,1940.4,25.88,50.04,0
2023-04-06 12:30:00,MACHINE_003,5980.7,81.07,7.363,8.81,25.0,81.84,1803.3,28.79,87.53,1
2023-04-06 15:00:00,MACHINE_011,3256.7,62.67,4.717,7.8,16.9,65.96,1883.9,21.0,24.96,0
2023-04-06 17:30:00,MACHINE_013,6301.0,78.76,10.863,9.8,25.0,88.93,1758.9,26.11,100.0,1
2023-04-06 20:00:00,MACHINE_005,5311.8,71.15,8.886,9.46,25.0,83.37,1851.6,30.08,100.0,1
2023-04-06 22:30:00,MACHINE_003,4478.8,62.05,6.09,8.61,21.58,64.01,1567.3,24.59,67.81,1
2023-04-07 01:00:00,MACHINE_006,3800.7,73.58,8.037,9.11,25.0,85.74,1807.8,27.41,87.97,1
2023-04-07 03:30:00,MACHINE_005,7399.2,86.93,11.31,8.65,25.0,95.48,1842.3,29.5,100.0,1
2023-04-07 06:00:00,MACHINE_015,6949.7,75.29,9.148,8.72,25.0,82.32,1774.7,28.08,100.0,1
2023-04-07 08:30:00,MACHINE_004,1550.1,51.84,4.493,8.17,16.62,54.62,1915.9,21.59,18.78,0
2023-04-07 11:00:00,MACHINE_013,3136.5,49.64,6.075,9.06,19.9,57.3,1807.1,26.71,41.52,0
2023-04-07 13:30:00,MACHINE_005,2358.4,68.51,4.783,8.55,19.4,76.21,1755.9,21.97,32.77,0
2023-04-07 16:00:00,MACHINE_008,4650.5,58.57,7.138,8.12,21.35,68.51,1592.6,24.03,66.62,1
2023-04-07 18:30:00,MACHINE_020,2636.9,67.23,4.836,8.18,20.14,76.97,1743.7,22.01,33.9,0
2023-04-07 21:00:00,MACHINE_001,6859.2,101.51,15.265,9.24,25.0,102.66,1921.1,29.29,100.0,1
2023-04-07 23:30:00,MACHINE_010,2040.8,70.74,5.565,8.24,22.36,75.98,1852.9,24.77,39.07,0
2023-04-08 02:00:00,MACHINE_007,6108.8,74.18,9.811,8.17,25.0,77.4,1746.2,26.06,100.0,1
2023-04-08 04:30:00,MACHINE_002,6378.5,101.9,10.598,8.92,25.0,108.46,1826.5,29.02,100.0,1
2023-04-08 07:00:00,MACHINE_008,4211.7,61.03,7.954,8.35,25.0,58.56,1772.5,29.91,90.17,1
2023-04-08 09:30:00,MACHINE_016,5285.6,75.65,8.841,8.25,25.0,77.32,1688.2,28.67,100.0,1
2023-04-08 12:00:00,MACHINE_001,7901.6,94.01,12.889,8.82,25.0,102.04,1762.6,26.29,100.0,1
2023-04-08 14:30:00,MACHINE_005,3401.3,62.89,8.605,6.24,25.0,79.44,1723.0,28.27,99.77,1
2023-04-08 17:00:00,MACHINE_014,3240.6,60.7,3.057,8.58,14.08,68.29,1707.7,21.19,21.75,0
2023-04-08 19:30:00,MACHINE_016,7658.4,92.39,11.051,8.06,25.0,106.08,1722.4,24.51,100.0,1
2023-04-08 22:00:00,MACHINE_001,4905.2,84.11,7.108,8.99,25.0,85.33,1686.7,28.4,85.25,1
2023-04-09 00:30:00,MACHINE_007,798.7,40.33,0.5,9.05,8.24,45.98,1723.0,14.16,0.0,0
2023-04-09 03:00:00,MACHINE_013,4299.6,68.51,4.627,7.97,18.99,79.16,1741.4,23.91,37.04,0
2023-04-09 05:30:00,MACHINE_017,6253.3,92.07,11.207,9.0,25.0,99.19,1934.1,28.83,100.0,1
2023-04-09 08:00:00,MACHINE_013,1118.2,41.71,1.199,8.75,9.3,55.69,1759.5,14.73,2.29,0
2023-04-09 10:30:00,MACHINE_020,1645.1,44.51,1.839,8.9,11.88,50.89,1591.8,16.44,0.0,0
2023-04-09 13:00:00,MACHINE_003,4334.8,82.68,7.798,7.95,25.0,84.2,1893.4,27.34,87.85,1
2023-04-09 15:30:00,MACHINE_005,4522.9,54.76,6.017,7.86,18.2,65.87,1809.9,22.67,57.05,0
2023-04-09 18:00:00,MACHINE_003,2826.3,70.01,5.34,7.76,22.32,78.0,1758.1,24.52,46.26,0
2023-04-09 20:30:00,MACHINE_008,934.3,47.41,2.863,9.33,12.03,47.77,1667.3,18.55,4.08,0
2023-04-09 23:00:00,MACHINE_014,1369.9,55.22,3.384,8.7,13.87,65.86,1687.0,17.76,0.92,0
2023-04-10 01:30:00,MACHINE_002,2819.7,60.95,5.431,8.61,14.49,69.09,1719.0,21.27,24.52,0
2023-04-10 04:00:00,MACHINE_006,1395.8,57.9,6.053,7.32,21.44,65.95,1681.8,23.52,44.2,0
2023-04-10 06:30:00,MACHINE_001,1728.7,81.95,7.708,9.69,25.0,88.13,1819.3,29.13,80.87,1
2023-04-10 09:00:00,MACHINE_017,4379.2,81.08,9.226,10.27,25.0,87.55,1755.3,29.25,100.0,1
2023-04-10 11:30:00,MACHINE_009,1752.2,40.44,2.997,7.69,12.34,49.32,1684.5,15.43,15.48,0
2023-04-10 14:00:00,MACHINE_009,5997.0,72.81,7.428,9.52,25.0,76.0,1824.7,29.17,87.74,1
2023-04-10 16:30:00,MACHINE_001,3012.6,78.48,4.668,9.35,19.66,88.63,1787.3,22.87,33.46,0
2023-04-10 19:00:00,MACHINE_017,979.0,61.98,5.127,7.62,18.83,72.15,1734.2,23.7,17.44,0
2023-04-10 21:30:00,MACHINE_019,5206.5,80.09,8.494,8.1,25.0,86.02,1500.0,25.41,100.0,1
2023-04-11 00:00:00,MACHINE_017,3200.9,70.92,5.694,8.43,24.24,81.25,1844.9,26.81,56.21,0
2023-04-11 02:30:00,MACHINE_019,1751.6,56.38,4.121,8.67,15.88,65.94,1743.3,21.37,16.11,0
2023-04-11 05:00:00,MACHINE_004,7207.0,97.02,10.043,9.44,25.0,106.71,1663.5,26.28,100.0,1
2023-04-11 07:30:00,MACHINE_004,2213.0,54.3,4.113,9.56,16.4,60.88,1689.4,21.15,4.47,0
2023-04-11 10:00:00,MACHINE_002,6940.2,84.45,10.799,9.89,25.0,83.7,1901.7,27.9,100.0,1
2023-04-11 12:30:00,MACHINE_002,4038.2,69.34,8.799,8.71,25.0,80.56,1617.0,25.29,96.03,1
2023-04-11 15:00:00,MACHINE_005,1842.2,62.15,5.147,9.68,19.99,73.58,1779.7,24.03,24.35,0
2023-04-11 17:30:00,MACHINE_002,4646.5,97.7,10.713,9.27,25.0,109.18,1757.3,26.78,100.0,1
2023-04-11 20:00:00,MACHINE_014,2183.9,64.11,4.385,9.62,18.81,71.68,1917.5,23.72,21.52,0
2023-04-11 22:30:00,MACHINE_011,2534.4,69.71,5.235,8.63,21.03,70.06,1990.3,24.04,31.7,0
2023-04-12 01:00:00,MACHINE_012,1395.5,67.9,6.035,7.73,23.11,81.63,1737.6,29.14,42.31,0
2023-04-12 03:30:00,MACHINE_002,1845.1,64.95,6.607,9.21,22.62,74.95,1814.6,27.02,62.91,1
2023-04-12 06:00:00,MACHINE_002,7655.6,99.53,11.041,8.95,25.0,99.13,1866.5,28.21,100.0,1
2023-04-12 08:30:00,MACHINE_015,6995.2,88.58,10.887,9.02,25.0,97.09,1879.1,28.28,100.0,1
2023-04-12 11:00:00,MACHINE_010,2954.8,56.91,4.667,8.41,19.73,61.88,1722.1,23.58,19.16,0
2023-04-12 13:30:00,MACHINE_001,3266.9,59.4,4.829,7.76,18.89,65.1,1685.6,23.11,38.64,0
2023-04-12 16:00:00,MACHINE_010,6046.8,96.0,8.559,9.53,25.0,99.24,1736.7,27.57,100.0,1
2023-04-12 18:30:00,MACHINE_012,4937.7,70.69,6.722,8.24,24.3,79.79,1836.2,26.82,75.67,1
2023-04-12 21:00:00,MACHINE_007,5993.5,89.83,11.661,8.91,25.0,96.71,1649.2,26.76,100.0,1
2023-04-12 23:30:00,MACHINE_008,1629.2,63.33,4.59,8.64,17.44,77.72,1751.0,21.5,16.8,0
2023-04-13 02:00:00,MACHINE_001,2247.5,60.56,4.534,8.94,17.59,71.98,1911.3,21.68,20.28,0
2023-04-13 04:30:00,MACHINE_001,7632.4,84.71,10.492,10.46,25.0,87.05,1849.4,26.8,100.0,1
2023-04-13 07:00:00,MACHINE_013,6867.5,75.72,8.484,6.41,25.0,91.12,1729.1,25.7,100.0,1
2023-04-13 09:30:00,MACHINE_004,2039.0,55.99,3.291,9.02,16.28,65.89,1838.9,23.23,18.18,0
2023-04-13 12:00:00,MACHINE_014,4190.2,96.57,8.598,11.34,25.0,95.69,1845.4,27.28,100.0,1
2023-04-13 14:30:00,MACHINE_005,5837.4,69.14,7.968,9.6,25.0,72.98,1825.5,29.28,88.75,1
2023-04-13 17:00:00,MACHINE_008,7229.7,93.26,11.08,9.15,25.0,95.44,1667.7,24.77,100.0,1
2023-04-13 19:30:00,MACHINE_012,3938.4,81.86,8.014,7.73,25.0,86.35,1628.2,27.36,90.43,1
2023-04-13 22:00:00,MACHINE_019,1216.8,65.18,4.724,8.57,18.78,71.64,1835.7,23.66,24.9,0
2023-04-14 00:30:00,MACHINE_013,1061.2,52.82,4.219,8.0,16.48,61.46,1700.3,20.04,11.77,0
2023-04-14 03:00:00,MACHINE_014,5468.3,90.0,11.334,7.95,25.0,91.18,1805.1,26.69,100.0,1
2023-04-14 05:30:00,MACHINE_010,2457.4,64.98,3.836,8.98,19.41,70.42,1901.7,23.84,20.44,0
2023-04-14 08:00:00,MACHINE_013,5755.4,60.88,10.342,9.62,25.0,65.47,1807.1,26.05,100.0,1
2023-04-14 10:30:00,MACHINE_011,3895.7,73.64,6.245,9.55,24.61,81.03,1777.9,25.65,69.47,1
2023-04-14 13:00:00,MACHINE_007,1520.8,54.81,2.39,9.39,16.25,66.02,1989.7,22.24,5.15,0
2023-04-14 15:30:00,MACHINE_004,1665.6,52.47,5.903,7.64,20.9,56.25,1692.8,25.38,43.45,0
2023-04-14 18:00:00,MACHINE_015,2855.2,60.89,6.867,9.7,23.86,63.28,1728.9,26.63,70.88,1
2023-04-14 20:30:00,MACHINE_012,7734.8,82.33,11.601,8.88,25.0,83.06,1713.3,27.23,100.0,1
2023-04-14 23:00:00,MACHINE_010,3975.1,72.56,6.319,8.81,22.88,84.28,1820.3,27.71,62.35,1
2023-04-15 01:30:00,MACHINE_003,1682.1,72.28,6.863,8.06,25.0,82.36,1663.8,29.05,78.38,1
